-- phpMyAdmin SQL Dump
-- version 4.9.7
-- https://www.phpmyadmin.net/
--
-- Host: localhost:3306
-- Generation Time: Apr 09, 2022 at 09:41 PM
-- Server version: 10.3.34-MariaDB-log-cll-lve
-- PHP Version: 7.4.28

SET SQL_MODE = "NO_AUTO_VALUE_ON_ZERO";
SET AUTOCOMMIT = 0;
START TRANSACTION;
SET time_zone = "+00:00";

--
-- Database: `almardiy_diagnosa`
--

-- --------------------------------------------------------

--
-- Table structure for table `basis_pengetahuan`
--

CREATE TABLE `basis_pengetahuan` (
  `id` int(11) NOT NULL,
  `id_penyakit` int(11) DEFAULT NULL,
  `id_gejala` int(11) DEFAULT NULL
) ENGINE=InnoDB DEFAULT CHARSET=utf8mb4;

--
-- Dumping data for table `basis_pengetahuan`
--

INSERT INTO `basis_pengetahuan` (`id`, `id_penyakit`, `id_gejala`) VALUES
(13, 18, 104),
(29, 18, 105),
(30, 18, 106),
(10, 18, 108),
(31, 18, 109),
(32, 18, 110),
(9, 19, 111),
(4, 19, 112),
(3, 19, 113),
(38, 19, 115),
(91, 20, 104),
(92, 20, 116),
(93, 20, 117),
(94, 20, 118),
(95, 20, 119),
(99, 20, 120),
(100, 20, 121),
(101, 21, 122),
(102, 21, 123),
(103, 21, 124),
(104, 21, 125),
(105, 21, 126),
(115, 23, 134),
(116, 23, 135),
(117, 23, 136),
(118, 23, 137),
(119, 23, 138),
(120, 23, 141),
(136, 24, 104),
(137, 24, 109),
(123, 24, 128),
(124, 24, 129),
(125, 24, 130),
(126, 24, 132),
(127, 24, 133),
(138, 24, 142),
(139, 24, 143),
(130, 25, 144),
(131, 25, 145),
(132, 25, 146),
(133, 25, 147);

-- --------------------------------------------------------

--
-- Table structure for table `chat`
--

CREATE TABLE `chat` (
  `id_chat` int(11) NOT NULL,
  `id_pengirim` int(11) NOT NULL,
  `id_dokter` int(11) NOT NULL,
  `created_at` timestamp NOT NULL DEFAULT current_timestamp()
) ENGINE=InnoDB DEFAULT CHARSET=latin1;

-- --------------------------------------------------------

--
-- Table structure for table `chat_detail`
--

CREATE TABLE `chat_detail` (
  `id_chat_detail` int(11) NOT NULL,
  `id_chat` int(11) NOT NULL,
  `id_pengirim` int(11) NOT NULL,
  `id_penerima` int(11) NOT NULL,
  `message` text NOT NULL,
  `created_at` timestamp NOT NULL DEFAULT current_timestamp()
) ENGINE=InnoDB DEFAULT CHARSET=latin1;

-- --------------------------------------------------------

--
-- Table structure for table `diagnosa`
--

CREATE TABLE `diagnosa` (
  `id_diagnosa` int(11) NOT NULL,
  `id_user` int(11) NOT NULL,
  `score` int(11) NOT NULL,
  `keterangan` text NOT NULL,
  `status` varchar(20) NOT NULL,
  `created_at` timestamp NOT NULL DEFAULT current_timestamp()
) ENGINE=InnoDB DEFAULT CHARSET=latin1;

--
-- Dumping data for table `diagnosa`
--

INSERT INTO `diagnosa` (`id_diagnosa`, `id_user`, `score`, `keterangan`, `status`, `created_at`) VALUES
(1, 22, 60, 'Gingivitis (Radang gusi)', 'Aktif', '2022-01-07 06:12:41'),
(2, 22, 90, 'Trench Mouth', 'Aktif', '2022-01-07 06:55:41'),
(3, 22, 60, 'Gingivitis (Radang gusi)', 'Aktif', '2022-01-07 07:14:48'),
(4, 23, 40, 'Gigi Sensitif', 'Aktif', '2022-01-07 07:22:38'),
(5, 55, 40, 'Gigi Sensitif', 'Aktif', '2022-01-07 07:41:57'),
(6, 22, 50, 'Candidas Oral', 'Aktif', '2022-01-07 08:43:18'),
(7, 22, 50, 'Candidas Oral', 'Aktif', '2022-01-07 08:43:38'),
(8, 57, 60, 'Candidas Oral', 'Aktif', '2022-01-07 08:47:20'),
(9, 58, 30, 'Stomatitis', 'Aktif', '2022-01-07 10:57:44'),
(10, 59, 400, 'Gingivitis (Radang gusi)', 'Aktif', '2022-01-08 12:52:33'),
(11, 22, 40, 'Karies Gigi (gigi berlubang)', 'Aktif', '2022-01-12 19:18:15'),
(12, 22, 0, 'Sehat', 'Aktif', '2022-01-12 19:19:11'),
(13, 60, 0, 'Sehat', 'Aktif', '2022-01-25 15:03:10'),
(14, 60, 40, 'Gigi Sensitif', 'Aktif', '2022-01-25 15:04:25'),
(15, 61, 0, 'Sehat', 'Aktif', '2022-01-28 00:16:02'),
(16, 61, 40, 'Gingivitis (Radang Gusi)', 'Aktif', '2022-01-28 00:19:11'),
(17, 61, 60, 'Karang Gigi', 'Aktif', '2022-01-28 00:20:18'),
(18, 62, 60, 'Candidas Oral', 'Aktif', '2022-01-28 01:06:41'),
(19, 22, 0, 'Sehat', 'Aktif', '2022-03-13 17:58:01'),
(20, 65, 40, 'Gigi Sensitif', 'Aktif', '2022-03-13 18:07:21'),
(21, 22, 60, 'Gingivitis (Radang Gusi)', 'Aktif', '2022-03-14 03:18:34'),
(22, 22, 0, 'Sehat', 'Aktif', '2022-03-18 07:11:01'),
(23, 22, 50, 'Gingivitis (Radang Gusi)', 'Aktif', '2022-03-18 07:11:09'),
(24, 66, 0, 'Sehat', 'Aktif', '2022-03-18 07:21:11'),
(25, 66, 0, 'Sehat', 'Aktif', '2022-03-18 07:22:41'),
(26, 66, 80, 'Gingivitis (Radang Gusi)', 'Aktif', '2022-03-18 14:51:49'),
(27, 66, 90, 'Gingivitis (Radang Gusi)', 'Aktif', '2022-03-18 14:52:12'),
(28, 66, 0, 'Sehat', 'Aktif', '2022-03-18 14:53:02'),
(29, 66, 0, 'Sehat', 'Aktif', '2022-03-18 17:05:02'),
(30, 22, 60, 'Gingivitis (Radang Gusi)', 'Aktif', '2022-03-19 08:58:43'),
(31, 66, 0, 'Sehat', 'Aktif', '2022-03-22 02:45:22'),
(32, 66, 30, 'Gigi Sensitif', 'Aktif', '2022-03-22 02:45:30'),
(33, 66, 0, 'Sehat', 'Aktif', '2022-03-22 10:04:01'),
(34, 66, 40, 'Gingivitis (Radang Gusi)', 'Aktif', '2022-03-22 14:37:19'),
(35, 66, 80, 'Gingivitis (Radang Gusi)', 'Aktif', '2022-03-22 15:09:59'),
(36, 66, 70, 'Gingivitis (Radang Gusi)', 'Aktif', '2022-03-22 15:13:45'),
(37, 22, 50, 'Gingivitis (Radang Gusi)', 'Aktif', '2022-04-09 07:18:18'),
(38, 22, 50, 'Gingivitis (Radang Gusi)', 'Aktif', '2022-04-09 07:18:26'),
(39, 22, 60, 'Gingivitis (Radang Gusi)', 'Aktif', '2022-04-09 14:18:48'),
(40, 22, 70, 'Gingivitis (Radang Gusi)', 'Aktif', '2022-04-09 14:40:39');

-- --------------------------------------------------------

--
-- Table structure for table `diagnosa_detail`
--

CREATE TABLE `diagnosa_detail` (
  `id_diagnosa_detail` int(11) NOT NULL,
  `id_diagnosa` int(11) NOT NULL,
  `id_gejala` int(11) NOT NULL,
  `jawaban` varchar(20) NOT NULL,
  `nilai` int(11) NOT NULL,
  `created_at` timestamp NOT NULL DEFAULT current_timestamp()
) ENGINE=InnoDB DEFAULT CHARSET=latin1;

--
-- Dumping data for table `diagnosa_detail`
--

INSERT INTO `diagnosa_detail` (`id_diagnosa_detail`, `id_diagnosa`, `id_gejala`, `jawaban`, `nilai`, `created_at`) VALUES
(1, 1, 104, '1', 10, '2022-01-07 06:12:41'),
(2, 1, 105, '1', 10, '2022-01-07 06:12:41'),
(3, 1, 106, '1', 10, '2022-01-07 06:12:41'),
(4, 1, 108, '1', 10, '2022-01-07 06:12:41'),
(5, 1, 109, '1', 10, '2022-01-07 06:12:41'),
(6, 1, 110, '1', 10, '2022-01-07 06:12:41'),
(7, 1, 111, '0', 0, '2022-01-07 06:12:41'),
(8, 1, 112, '0', 0, '2022-01-07 06:12:41'),
(9, 1, 113, '0', 0, '2022-01-07 06:12:41'),
(10, 1, 115, '0', 0, '2022-01-07 06:12:41'),
(11, 1, 116, '0', 0, '2022-01-07 06:12:41'),
(12, 1, 117, '0', 0, '2022-01-07 06:12:41'),
(13, 1, 118, '0', 0, '2022-01-07 06:12:41'),
(14, 1, 119, '0', 0, '2022-01-07 06:12:41'),
(15, 1, 120, '0', 0, '2022-01-07 06:12:41'),
(16, 1, 121, '0', 0, '2022-01-07 06:12:41'),
(17, 1, 122, '0', 0, '2022-01-07 06:12:41'),
(18, 1, 123, '0', 0, '2022-01-07 06:12:41'),
(19, 1, 124, '0', 0, '2022-01-07 06:12:41'),
(20, 1, 125, '0', 0, '2022-01-07 06:12:41'),
(21, 1, 126, '0', 0, '2022-01-07 06:12:41'),
(22, 1, 127, '0', 0, '2022-01-07 06:12:41'),
(23, 1, 128, '0', 0, '2022-01-07 06:12:41'),
(24, 1, 129, '0', 0, '2022-01-07 06:12:41'),
(25, 1, 130, '0', 0, '2022-01-07 06:12:41'),
(26, 1, 131, '0', 0, '2022-01-07 06:12:41'),
(27, 1, 132, '0', 0, '2022-01-07 06:12:41'),
(28, 1, 133, '0', 0, '2022-01-07 06:12:41'),
(29, 1, 134, '0', 0, '2022-01-07 06:12:41'),
(30, 1, 135, '0', 0, '2022-01-07 06:12:41'),
(31, 1, 136, '0', 0, '2022-01-07 06:12:41'),
(32, 1, 137, '0', 0, '2022-01-07 06:12:41'),
(33, 1, 138, '0', 0, '2022-01-07 06:12:41'),
(34, 1, 141, '0', 0, '2022-01-07 06:12:41'),
(35, 1, 142, '0', 0, '2022-01-07 06:12:41'),
(36, 1, 143, '0', 0, '2022-01-07 06:12:41'),
(37, 1, 144, '0', 0, '2022-01-07 06:12:41'),
(38, 1, 145, '0', 0, '2022-01-07 06:12:41'),
(39, 1, 146, '0', 0, '2022-01-07 06:12:41'),
(40, 1, 147, '0', 0, '2022-01-07 06:12:41'),
(41, 2, 104, '1', 10, '2022-01-07 06:55:41'),
(42, 2, 105, '0', 0, '2022-01-07 06:55:41'),
(43, 2, 106, '0', 0, '2022-01-07 06:55:41'),
(44, 2, 108, '0', 0, '2022-01-07 06:55:41'),
(45, 2, 109, '1', 10, '2022-01-07 06:55:41'),
(46, 2, 110, '0', 0, '2022-01-07 06:55:41'),
(47, 2, 111, '0', 0, '2022-01-07 06:55:41'),
(48, 2, 112, '0', 0, '2022-01-07 06:55:41'),
(49, 2, 113, '0', 0, '2022-01-07 06:55:41'),
(50, 2, 115, '0', 0, '2022-01-07 06:55:41'),
(51, 2, 116, '0', 0, '2022-01-07 06:55:41'),
(52, 2, 117, '0', 0, '2022-01-07 06:55:41'),
(53, 2, 118, '0', 0, '2022-01-07 06:55:41'),
(54, 2, 119, '0', 0, '2022-01-07 06:55:41'),
(55, 2, 120, '0', 0, '2022-01-07 06:55:41'),
(56, 2, 121, '0', 0, '2022-01-07 06:55:41'),
(57, 2, 122, '0', 0, '2022-01-07 06:55:41'),
(58, 2, 123, '0', 0, '2022-01-07 06:55:41'),
(59, 2, 124, '0', 0, '2022-01-07 06:55:41'),
(60, 2, 125, '0', 0, '2022-01-07 06:55:41'),
(61, 2, 126, '0', 0, '2022-01-07 06:55:41'),
(62, 2, 127, '0', 0, '2022-01-07 06:55:41'),
(63, 2, 128, '1', 10, '2022-01-07 06:55:41'),
(64, 2, 129, '1', 10, '2022-01-07 06:55:41'),
(65, 2, 130, '1', 10, '2022-01-07 06:55:41'),
(66, 2, 131, '0', 0, '2022-01-07 06:55:41'),
(67, 2, 132, '1', 10, '2022-01-07 06:55:41'),
(68, 2, 133, '1', 10, '2022-01-07 06:55:41'),
(69, 2, 134, '0', 0, '2022-01-07 06:55:41'),
(70, 2, 135, '0', 0, '2022-01-07 06:55:41'),
(71, 2, 136, '0', 0, '2022-01-07 06:55:41'),
(72, 2, 137, '0', 0, '2022-01-07 06:55:41'),
(73, 2, 138, '0', 0, '2022-01-07 06:55:41'),
(74, 2, 141, '0', 0, '2022-01-07 06:55:41'),
(75, 2, 142, '1', 10, '2022-01-07 06:55:41'),
(76, 2, 143, '1', 10, '2022-01-07 06:55:41'),
(77, 2, 144, '0', 0, '2022-01-07 06:55:41'),
(78, 2, 145, '0', 0, '2022-01-07 06:55:41'),
(79, 2, 146, '0', 0, '2022-01-07 06:55:41'),
(80, 2, 147, '0', 0, '2022-01-07 06:55:41'),
(81, 3, 104, '1', 10, '2022-01-07 07:14:48'),
(82, 3, 105, '1', 10, '2022-01-07 07:14:48'),
(83, 3, 106, '1', 10, '2022-01-07 07:14:48'),
(84, 3, 108, '1', 10, '2022-01-07 07:14:48'),
(85, 3, 109, '1', 10, '2022-01-07 07:14:48'),
(86, 3, 110, '1', 10, '2022-01-07 07:14:48'),
(87, 3, 111, '0', 0, '2022-01-07 07:14:48'),
(88, 3, 112, '0', 0, '2022-01-07 07:14:48'),
(89, 3, 113, '0', 0, '2022-01-07 07:14:48'),
(90, 3, 115, '0', 0, '2022-01-07 07:14:48'),
(91, 3, 116, '0', 0, '2022-01-07 07:14:48'),
(92, 3, 117, '0', 0, '2022-01-07 07:14:48'),
(93, 3, 118, '0', 0, '2022-01-07 07:14:48'),
(94, 3, 119, '0', 0, '2022-01-07 07:14:48'),
(95, 3, 120, '0', 0, '2022-01-07 07:14:48'),
(96, 3, 121, '0', 0, '2022-01-07 07:14:48'),
(97, 3, 122, '0', 0, '2022-01-07 07:14:48'),
(98, 3, 123, '0', 0, '2022-01-07 07:14:48'),
(99, 3, 124, '0', 0, '2022-01-07 07:14:48'),
(100, 3, 125, '0', 0, '2022-01-07 07:14:48'),
(101, 3, 126, '0', 0, '2022-01-07 07:14:48'),
(102, 3, 127, '0', 0, '2022-01-07 07:14:48'),
(103, 3, 128, '0', 0, '2022-01-07 07:14:48'),
(104, 3, 129, '0', 0, '2022-01-07 07:14:48'),
(105, 3, 130, '0', 0, '2022-01-07 07:14:48'),
(106, 3, 131, '0', 0, '2022-01-07 07:14:48'),
(107, 3, 132, '0', 0, '2022-01-07 07:14:48'),
(108, 3, 133, '0', 0, '2022-01-07 07:14:48'),
(109, 3, 134, '0', 0, '2022-01-07 07:14:48'),
(110, 3, 135, '0', 0, '2022-01-07 07:14:48'),
(111, 3, 136, '0', 0, '2022-01-07 07:14:48'),
(112, 3, 137, '0', 0, '2022-01-07 07:14:48'),
(113, 3, 138, '0', 0, '2022-01-07 07:14:48'),
(114, 3, 141, '0', 0, '2022-01-07 07:14:48'),
(115, 3, 142, '0', 0, '2022-01-07 07:14:48'),
(116, 3, 143, '0', 0, '2022-01-07 07:14:48'),
(117, 3, 144, '0', 0, '2022-01-07 07:14:48'),
(118, 3, 145, '0', 0, '2022-01-07 07:14:48'),
(119, 3, 146, '0', 0, '2022-01-07 07:14:48'),
(120, 3, 147, '0', 0, '2022-01-07 07:14:48'),
(121, 4, 104, '0', 0, '2022-01-07 07:22:38'),
(122, 4, 105, '0', 0, '2022-01-07 07:22:38'),
(123, 4, 106, '0', 0, '2022-01-07 07:22:38'),
(124, 4, 108, '0', 0, '2022-01-07 07:22:38'),
(125, 4, 109, '0', 0, '2022-01-07 07:22:38'),
(126, 4, 110, '0', 0, '2022-01-07 07:22:38'),
(127, 4, 111, '0', 0, '2022-01-07 07:22:38'),
(128, 4, 112, '0', 0, '2022-01-07 07:22:38'),
(129, 4, 113, '0', 0, '2022-01-07 07:22:38'),
(130, 4, 115, '0', 0, '2022-01-07 07:22:38'),
(131, 4, 116, '0', 0, '2022-01-07 07:22:38'),
(132, 4, 117, '0', 0, '2022-01-07 07:22:38'),
(133, 4, 118, '0', 0, '2022-01-07 07:22:38'),
(134, 4, 119, '0', 0, '2022-01-07 07:22:38'),
(135, 4, 120, '0', 0, '2022-01-07 07:22:38'),
(136, 4, 121, '0', 0, '2022-01-07 07:22:38'),
(137, 4, 122, '0', 0, '2022-01-07 07:22:38'),
(138, 4, 123, '0', 0, '2022-01-07 07:22:38'),
(139, 4, 124, '0', 0, '2022-01-07 07:22:38'),
(140, 4, 125, '0', 0, '2022-01-07 07:22:38'),
(141, 4, 126, '0', 0, '2022-01-07 07:22:38'),
(142, 4, 127, '0', 0, '2022-01-07 07:22:38'),
(143, 4, 128, '0', 0, '2022-01-07 07:22:38'),
(144, 4, 129, '0', 0, '2022-01-07 07:22:38'),
(145, 4, 130, '0', 0, '2022-01-07 07:22:38'),
(146, 4, 131, '0', 0, '2022-01-07 07:22:38'),
(147, 4, 132, '0', 0, '2022-01-07 07:22:38'),
(148, 4, 133, '0', 0, '2022-01-07 07:22:38'),
(149, 4, 134, '0', 0, '2022-01-07 07:22:38'),
(150, 4, 135, '0', 0, '2022-01-07 07:22:38'),
(151, 4, 136, '0', 0, '2022-01-07 07:22:38'),
(152, 4, 137, '0', 0, '2022-01-07 07:22:38'),
(153, 4, 138, '0', 0, '2022-01-07 07:22:38'),
(154, 4, 141, '0', 0, '2022-01-07 07:22:38'),
(155, 4, 142, '0', 0, '2022-01-07 07:22:38'),
(156, 4, 143, '0', 0, '2022-01-07 07:22:38'),
(157, 4, 144, '1', 10, '2022-01-07 07:22:38'),
(158, 4, 145, '1', 10, '2022-01-07 07:22:38'),
(159, 4, 146, '1', 10, '2022-01-07 07:22:38'),
(160, 4, 147, '1', 10, '2022-01-07 07:22:38'),
(161, 5, 104, '0', 0, '2022-01-07 07:41:57'),
(162, 5, 105, '0', 0, '2022-01-07 07:41:57'),
(163, 5, 106, '0', 0, '2022-01-07 07:41:57'),
(164, 5, 108, '0', 0, '2022-01-07 07:41:57'),
(165, 5, 109, '0', 0, '2022-01-07 07:41:57'),
(166, 5, 110, '0', 0, '2022-01-07 07:41:57'),
(167, 5, 111, '0', 0, '2022-01-07 07:41:57'),
(168, 5, 112, '0', 0, '2022-01-07 07:41:58'),
(169, 5, 113, '0', 0, '2022-01-07 07:41:58'),
(170, 5, 115, '0', 0, '2022-01-07 07:41:58'),
(171, 5, 116, '0', 0, '2022-01-07 07:41:58'),
(172, 5, 117, '0', 0, '2022-01-07 07:41:58'),
(173, 5, 118, '0', 0, '2022-01-07 07:41:58'),
(174, 5, 119, '0', 0, '2022-01-07 07:41:58'),
(175, 5, 120, '0', 0, '2022-01-07 07:41:58'),
(176, 5, 121, '0', 0, '2022-01-07 07:41:58'),
(177, 5, 122, '0', 0, '2022-01-07 07:41:58'),
(178, 5, 123, '0', 0, '2022-01-07 07:41:58'),
(179, 5, 124, '0', 0, '2022-01-07 07:41:58'),
(180, 5, 125, '0', 0, '2022-01-07 07:41:58'),
(181, 5, 126, '0', 0, '2022-01-07 07:41:58'),
(182, 5, 127, '0', 0, '2022-01-07 07:41:58'),
(183, 5, 128, '0', 0, '2022-01-07 07:41:58'),
(184, 5, 129, '0', 0, '2022-01-07 07:41:58'),
(185, 5, 130, '0', 0, '2022-01-07 07:41:58'),
(186, 5, 131, '0', 0, '2022-01-07 07:41:58'),
(187, 5, 132, '0', 0, '2022-01-07 07:41:58'),
(188, 5, 133, '0', 0, '2022-01-07 07:41:58'),
(189, 5, 134, '0', 0, '2022-01-07 07:41:58'),
(190, 5, 135, '0', 0, '2022-01-07 07:41:58'),
(191, 5, 136, '0', 0, '2022-01-07 07:41:58'),
(192, 5, 137, '0', 0, '2022-01-07 07:41:58'),
(193, 5, 138, '0', 0, '2022-01-07 07:41:58'),
(194, 5, 141, '0', 0, '2022-01-07 07:41:58'),
(195, 5, 142, '0', 0, '2022-01-07 07:41:58'),
(196, 5, 143, '0', 0, '2022-01-07 07:41:58'),
(197, 5, 144, '1', 10, '2022-01-07 07:41:58'),
(198, 5, 145, '1', 10, '2022-01-07 07:41:58'),
(199, 5, 146, '1', 10, '2022-01-07 07:41:58'),
(200, 5, 147, '1', 10, '2022-01-07 07:41:58'),
(201, 6, 104, '0', 0, '2022-01-07 08:43:18'),
(202, 6, 105, '0', 0, '2022-01-07 08:43:18'),
(203, 6, 106, '0', 0, '2022-01-07 08:43:18'),
(204, 6, 108, '0', 0, '2022-01-07 08:43:18'),
(205, 6, 109, '0', 0, '2022-01-07 08:43:18'),
(206, 6, 110, '0', 0, '2022-01-07 08:43:18'),
(207, 6, 111, '0', 0, '2022-01-07 08:43:18'),
(208, 6, 112, '0', 0, '2022-01-07 08:43:18'),
(209, 6, 113, '0', 0, '2022-01-07 08:43:18'),
(210, 6, 115, '0', 0, '2022-01-07 08:43:18'),
(211, 6, 116, '0', 0, '2022-01-07 08:43:18'),
(212, 6, 117, '0', 0, '2022-01-07 08:43:18'),
(213, 6, 118, '0', 0, '2022-01-07 08:43:18'),
(214, 6, 119, '0', 0, '2022-01-07 08:43:18'),
(215, 6, 120, '0', 0, '2022-01-07 08:43:18'),
(216, 6, 121, '0', 0, '2022-01-07 08:43:18'),
(217, 6, 122, '0', 0, '2022-01-07 08:43:18'),
(218, 6, 123, '0', 0, '2022-01-07 08:43:18'),
(219, 6, 124, '0', 0, '2022-01-07 08:43:18'),
(220, 6, 125, '0', 0, '2022-01-07 08:43:18'),
(221, 6, 126, '0', 0, '2022-01-07 08:43:18'),
(222, 6, 127, '0', 0, '2022-01-07 08:43:18'),
(223, 6, 128, '0', 0, '2022-01-07 08:43:18'),
(224, 6, 129, '0', 0, '2022-01-07 08:43:18'),
(225, 6, 130, '0', 0, '2022-01-07 08:43:18'),
(226, 6, 131, '0', 0, '2022-01-07 08:43:19'),
(227, 6, 132, '0', 0, '2022-01-07 08:43:19'),
(228, 6, 133, '0', 0, '2022-01-07 08:43:19'),
(229, 6, 134, '1', 10, '2022-01-07 08:43:19'),
(230, 6, 135, '1', 10, '2022-01-07 08:43:19'),
(231, 6, 136, '1', 10, '2022-01-07 08:43:19'),
(232, 6, 137, '1', 10, '2022-01-07 08:43:19'),
(233, 6, 138, '1', 10, '2022-01-07 08:43:19'),
(234, 6, 141, '0', 0, '2022-01-07 08:43:19'),
(235, 6, 142, '0', 0, '2022-01-07 08:43:19'),
(236, 6, 143, '0', 0, '2022-01-07 08:43:19'),
(237, 6, 144, '0', 0, '2022-01-07 08:43:19'),
(238, 6, 145, '0', 0, '2022-01-07 08:43:19'),
(239, 6, 146, '0', 0, '2022-01-07 08:43:19'),
(240, 6, 147, '0', 0, '2022-01-07 08:43:19'),
(241, 7, 104, '0', 0, '2022-01-07 08:43:38'),
(242, 7, 105, '0', 0, '2022-01-07 08:43:38'),
(243, 7, 106, '0', 0, '2022-01-07 08:43:38'),
(244, 7, 108, '0', 0, '2022-01-07 08:43:38'),
(245, 7, 109, '0', 0, '2022-01-07 08:43:38'),
(246, 7, 110, '0', 0, '2022-01-07 08:43:38'),
(247, 7, 111, '0', 0, '2022-01-07 08:43:38'),
(248, 7, 112, '0', 0, '2022-01-07 08:43:38'),
(249, 7, 113, '0', 0, '2022-01-07 08:43:38'),
(250, 7, 115, '0', 0, '2022-01-07 08:43:38'),
(251, 7, 116, '0', 0, '2022-01-07 08:43:38'),
(252, 7, 117, '0', 0, '2022-01-07 08:43:38'),
(253, 7, 118, '0', 0, '2022-01-07 08:43:38'),
(254, 7, 119, '0', 0, '2022-01-07 08:43:38'),
(255, 7, 120, '0', 0, '2022-01-07 08:43:38'),
(256, 7, 121, '0', 0, '2022-01-07 08:43:38'),
(257, 7, 122, '0', 0, '2022-01-07 08:43:38'),
(258, 7, 123, '0', 0, '2022-01-07 08:43:38'),
(259, 7, 124, '0', 0, '2022-01-07 08:43:38'),
(260, 7, 125, '0', 0, '2022-01-07 08:43:38'),
(261, 7, 126, '0', 0, '2022-01-07 08:43:38'),
(262, 7, 127, '0', 0, '2022-01-07 08:43:38'),
(263, 7, 128, '0', 0, '2022-01-07 08:43:38'),
(264, 7, 129, '0', 0, '2022-01-07 08:43:38'),
(265, 7, 130, '0', 0, '2022-01-07 08:43:38'),
(266, 7, 131, '0', 0, '2022-01-07 08:43:38'),
(267, 7, 132, '0', 0, '2022-01-07 08:43:38'),
(268, 7, 133, '0', 0, '2022-01-07 08:43:38'),
(269, 7, 134, '1', 10, '2022-01-07 08:43:38'),
(270, 7, 135, '1', 10, '2022-01-07 08:43:38'),
(271, 7, 136, '1', 10, '2022-01-07 08:43:38'),
(272, 7, 137, '1', 10, '2022-01-07 08:43:38'),
(273, 7, 138, '1', 10, '2022-01-07 08:43:38'),
(274, 7, 141, '0', 0, '2022-01-07 08:43:38'),
(275, 7, 142, '0', 0, '2022-01-07 08:43:38'),
(276, 7, 143, '0', 0, '2022-01-07 08:43:38'),
(277, 7, 144, '0', 0, '2022-01-07 08:43:38'),
(278, 7, 145, '0', 0, '2022-01-07 08:43:38'),
(279, 7, 146, '0', 0, '2022-01-07 08:43:38'),
(280, 7, 147, '0', 0, '2022-01-07 08:43:38'),
(281, 8, 104, '0', 0, '2022-01-07 08:47:20'),
(282, 8, 105, '0', 0, '2022-01-07 08:47:20'),
(283, 8, 106, '0', 0, '2022-01-07 08:47:20'),
(284, 8, 108, '0', 0, '2022-01-07 08:47:20'),
(285, 8, 109, '0', 0, '2022-01-07 08:47:20'),
(286, 8, 110, '0', 0, '2022-01-07 08:47:20'),
(287, 8, 111, '0', 0, '2022-01-07 08:47:20'),
(288, 8, 112, '0', 0, '2022-01-07 08:47:20'),
(289, 8, 113, '0', 0, '2022-01-07 08:47:20'),
(290, 8, 115, '0', 0, '2022-01-07 08:47:20'),
(291, 8, 116, '0', 0, '2022-01-07 08:47:20'),
(292, 8, 117, '0', 0, '2022-01-07 08:47:20'),
(293, 8, 118, '0', 0, '2022-01-07 08:47:20'),
(294, 8, 119, '0', 0, '2022-01-07 08:47:20'),
(295, 8, 120, '0', 0, '2022-01-07 08:47:20'),
(296, 8, 121, '0', 0, '2022-01-07 08:47:20'),
(297, 8, 122, '0', 0, '2022-01-07 08:47:20'),
(298, 8, 123, '0', 0, '2022-01-07 08:47:20'),
(299, 8, 124, '0', 0, '2022-01-07 08:47:20'),
(300, 8, 125, '0', 0, '2022-01-07 08:47:20'),
(301, 8, 126, '0', 0, '2022-01-07 08:47:20'),
(302, 8, 127, '0', 0, '2022-01-07 08:47:20'),
(303, 8, 128, '0', 0, '2022-01-07 08:47:20'),
(304, 8, 129, '0', 0, '2022-01-07 08:47:20'),
(305, 8, 130, '0', 0, '2022-01-07 08:47:20'),
(306, 8, 131, '0', 0, '2022-01-07 08:47:20'),
(307, 8, 132, '0', 0, '2022-01-07 08:47:20'),
(308, 8, 133, '0', 0, '2022-01-07 08:47:20'),
(309, 8, 134, '1', 10, '2022-01-07 08:47:20'),
(310, 8, 135, '1', 10, '2022-01-07 08:47:20'),
(311, 8, 136, '1', 10, '2022-01-07 08:47:20'),
(312, 8, 137, '1', 10, '2022-01-07 08:47:20'),
(313, 8, 138, '1', 10, '2022-01-07 08:47:20'),
(314, 8, 141, '1', 10, '2022-01-07 08:47:20'),
(315, 8, 142, '0', 0, '2022-01-07 08:47:20'),
(316, 8, 143, '0', 0, '2022-01-07 08:47:20'),
(317, 8, 144, '0', 0, '2022-01-07 08:47:20'),
(318, 8, 145, '0', 0, '2022-01-07 08:47:20'),
(319, 8, 146, '0', 0, '2022-01-07 08:47:20'),
(320, 8, 147, '0', 0, '2022-01-07 08:47:20'),
(321, 9, 104, '0', 0, '2022-01-07 10:57:44'),
(322, 9, 105, '0', 0, '2022-01-07 10:57:44'),
(323, 9, 106, '0', 0, '2022-01-07 10:57:44'),
(324, 9, 108, '0', 0, '2022-01-07 10:57:44'),
(325, 9, 109, '0', 0, '2022-01-07 10:57:44'),
(326, 9, 110, '0', 0, '2022-01-07 10:57:44'),
(327, 9, 111, '0', 0, '2022-01-07 10:57:44'),
(328, 9, 112, '0', 0, '2022-01-07 10:57:44'),
(329, 9, 113, '0', 0, '2022-01-07 10:57:44'),
(330, 9, 115, '0', 0, '2022-01-07 10:57:44'),
(331, 9, 116, '0', 0, '2022-01-07 10:57:44'),
(332, 9, 117, '0', 0, '2022-01-07 10:57:44'),
(333, 9, 118, '0', 0, '2022-01-07 10:57:44'),
(334, 9, 119, '0', 0, '2022-01-07 10:57:44'),
(335, 9, 120, '0', 0, '2022-01-07 10:57:44'),
(336, 9, 121, '0', 0, '2022-01-07 10:57:44'),
(337, 9, 122, '1', 10, '2022-01-07 10:57:44'),
(338, 9, 123, '1', 10, '2022-01-07 10:57:44'),
(339, 9, 124, '1', 10, '2022-01-07 10:57:44'),
(340, 9, 125, '0', 0, '2022-01-07 10:57:44'),
(341, 9, 126, '0', 0, '2022-01-07 10:57:44'),
(342, 9, 127, '0', 0, '2022-01-07 10:57:44'),
(343, 9, 128, '0', 0, '2022-01-07 10:57:44'),
(344, 9, 129, '0', 0, '2022-01-07 10:57:44'),
(345, 9, 130, '0', 0, '2022-01-07 10:57:44'),
(346, 9, 131, '0', 0, '2022-01-07 10:57:44'),
(347, 9, 132, '0', 0, '2022-01-07 10:57:44'),
(348, 9, 133, '0', 0, '2022-01-07 10:57:44'),
(349, 9, 134, '0', 0, '2022-01-07 10:57:44'),
(350, 9, 135, '0', 0, '2022-01-07 10:57:44'),
(351, 9, 136, '0', 0, '2022-01-07 10:57:44'),
(352, 9, 137, '0', 0, '2022-01-07 10:57:44'),
(353, 9, 138, '0', 0, '2022-01-07 10:57:44'),
(354, 9, 141, '0', 0, '2022-01-07 10:57:44'),
(355, 9, 142, '0', 0, '2022-01-07 10:57:44'),
(356, 9, 143, '0', 0, '2022-01-07 10:57:44'),
(357, 9, 144, '0', 0, '2022-01-07 10:57:44'),
(358, 9, 145, '0', 0, '2022-01-07 10:57:44'),
(359, 9, 146, '0', 0, '2022-01-07 10:57:44'),
(360, 9, 147, '0', 0, '2022-01-07 10:57:44'),
(361, 10, 104, '1', 10, '2022-01-08 12:52:33'),
(362, 10, 105, '1', 10, '2022-01-08 12:52:33'),
(363, 10, 106, '1', 10, '2022-01-08 12:52:33'),
(364, 10, 108, '1', 10, '2022-01-08 12:52:33'),
(365, 10, 109, '1', 10, '2022-01-08 12:52:33'),
(366, 10, 110, '1', 10, '2022-01-08 12:52:33'),
(367, 10, 111, '1', 10, '2022-01-08 12:52:33'),
(368, 10, 112, '1', 10, '2022-01-08 12:52:33'),
(369, 10, 113, '1', 10, '2022-01-08 12:52:33'),
(370, 10, 115, '1', 10, '2022-01-08 12:52:33'),
(371, 10, 116, '1', 10, '2022-01-08 12:52:33'),
(372, 10, 117, '1', 10, '2022-01-08 12:52:33'),
(373, 10, 118, '1', 10, '2022-01-08 12:52:33'),
(374, 10, 119, '1', 10, '2022-01-08 12:52:33'),
(375, 10, 120, '1', 10, '2022-01-08 12:52:33'),
(376, 10, 121, '1', 10, '2022-01-08 12:52:33'),
(377, 10, 122, '1', 10, '2022-01-08 12:52:33'),
(378, 10, 123, '1', 10, '2022-01-08 12:52:33'),
(379, 10, 124, '1', 10, '2022-01-08 12:52:33'),
(380, 10, 125, '1', 10, '2022-01-08 12:52:33'),
(381, 10, 126, '1', 10, '2022-01-08 12:52:33'),
(382, 10, 127, '1', 10, '2022-01-08 12:52:33'),
(383, 10, 128, '1', 10, '2022-01-08 12:52:33'),
(384, 10, 129, '1', 10, '2022-01-08 12:52:33'),
(385, 10, 130, '1', 10, '2022-01-08 12:52:33'),
(386, 10, 131, '1', 10, '2022-01-08 12:52:33'),
(387, 10, 132, '1', 10, '2022-01-08 12:52:33'),
(388, 10, 133, '1', 10, '2022-01-08 12:52:33'),
(389, 10, 134, '1', 10, '2022-01-08 12:52:33'),
(390, 10, 135, '1', 10, '2022-01-08 12:52:33'),
(391, 10, 136, '1', 10, '2022-01-08 12:52:33'),
(392, 10, 137, '1', 10, '2022-01-08 12:52:33'),
(393, 10, 138, '1', 10, '2022-01-08 12:52:33'),
(394, 10, 141, '1', 10, '2022-01-08 12:52:33'),
(395, 10, 142, '1', 10, '2022-01-08 12:52:33'),
(396, 10, 143, '1', 10, '2022-01-08 12:52:33'),
(397, 10, 144, '1', 10, '2022-01-08 12:52:33'),
(398, 10, 145, '1', 10, '2022-01-08 12:52:33'),
(399, 10, 146, '1', 10, '2022-01-08 12:52:33'),
(400, 10, 147, '1', 10, '2022-01-08 12:52:33'),
(401, 11, 104, '0', 0, '2022-01-12 19:18:15'),
(402, 11, 105, '0', 0, '2022-01-12 19:18:15'),
(403, 11, 106, '0', 0, '2022-01-12 19:18:15'),
(404, 11, 108, '0', 0, '2022-01-12 19:18:15'),
(405, 11, 109, '0', 0, '2022-01-12 19:18:15'),
(406, 11, 110, '0', 0, '2022-01-12 19:18:15'),
(407, 11, 111, '1', 10, '2022-01-12 19:18:15'),
(408, 11, 112, '1', 10, '2022-01-12 19:18:15'),
(409, 11, 113, '1', 10, '2022-01-12 19:18:15'),
(410, 11, 115, '1', 10, '2022-01-12 19:18:15'),
(411, 11, 116, '0', 0, '2022-01-12 19:18:15'),
(412, 11, 117, '0', 0, '2022-01-12 19:18:15'),
(413, 11, 118, '0', 0, '2022-01-12 19:18:15'),
(414, 11, 119, '0', 0, '2022-01-12 19:18:15'),
(415, 11, 120, '0', 0, '2022-01-12 19:18:15'),
(416, 11, 121, '0', 0, '2022-01-12 19:18:15'),
(417, 11, 122, '0', 0, '2022-01-12 19:18:15'),
(418, 11, 123, '0', 0, '2022-01-12 19:18:15'),
(419, 11, 124, '0', 0, '2022-01-12 19:18:15'),
(420, 11, 125, '0', 0, '2022-01-12 19:18:15'),
(421, 11, 126, '0', 0, '2022-01-12 19:18:15'),
(422, 11, 127, '0', 0, '2022-01-12 19:18:15'),
(423, 11, 128, '0', 0, '2022-01-12 19:18:15'),
(424, 11, 129, '0', 0, '2022-01-12 19:18:15'),
(425, 11, 130, '0', 0, '2022-01-12 19:18:15'),
(426, 11, 131, '0', 0, '2022-01-12 19:18:15'),
(427, 11, 132, '0', 0, '2022-01-12 19:18:15'),
(428, 11, 133, '0', 0, '2022-01-12 19:18:15'),
(429, 11, 134, '0', 0, '2022-01-12 19:18:15'),
(430, 11, 135, '0', 0, '2022-01-12 19:18:15'),
(431, 11, 136, '0', 0, '2022-01-12 19:18:15'),
(432, 11, 137, '0', 0, '2022-01-12 19:18:15'),
(433, 11, 138, '0', 0, '2022-01-12 19:18:15'),
(434, 11, 141, '0', 0, '2022-01-12 19:18:15'),
(435, 11, 142, '0', 0, '2022-01-12 19:18:15'),
(436, 11, 143, '0', 0, '2022-01-12 19:18:15'),
(437, 11, 144, '0', 0, '2022-01-12 19:18:15'),
(438, 11, 145, '0', 0, '2022-01-12 19:18:15'),
(439, 11, 146, '0', 0, '2022-01-12 19:18:15'),
(440, 11, 147, '0', 0, '2022-01-12 19:18:15'),
(441, 12, 104, '0', 0, '2022-01-12 19:19:11'),
(442, 12, 105, '0', 0, '2022-01-12 19:19:11'),
(443, 12, 106, '0', 0, '2022-01-12 19:19:11'),
(444, 12, 108, '0', 0, '2022-01-12 19:19:11'),
(445, 12, 109, '0', 0, '2022-01-12 19:19:11'),
(446, 12, 110, '0', 0, '2022-01-12 19:19:11'),
(447, 12, 111, '0', 0, '2022-01-12 19:19:11'),
(448, 12, 112, '0', 0, '2022-01-12 19:19:11'),
(449, 12, 113, '0', 0, '2022-01-12 19:19:11'),
(450, 12, 115, '0', 0, '2022-01-12 19:19:11'),
(451, 12, 116, '0', 0, '2022-01-12 19:19:11'),
(452, 12, 117, '0', 0, '2022-01-12 19:19:11'),
(453, 12, 118, '0', 0, '2022-01-12 19:19:11'),
(454, 12, 119, '0', 0, '2022-01-12 19:19:11'),
(455, 12, 120, '0', 0, '2022-01-12 19:19:11'),
(456, 12, 121, '0', 0, '2022-01-12 19:19:11'),
(457, 12, 122, '0', 0, '2022-01-12 19:19:11'),
(458, 12, 123, '0', 0, '2022-01-12 19:19:11'),
(459, 12, 124, '0', 0, '2022-01-12 19:19:11'),
(460, 12, 125, '0', 0, '2022-01-12 19:19:11'),
(461, 12, 126, '0', 0, '2022-01-12 19:19:11'),
(462, 12, 127, '0', 0, '2022-01-12 19:19:11'),
(463, 12, 128, '0', 0, '2022-01-12 19:19:11'),
(464, 12, 129, '0', 0, '2022-01-12 19:19:11'),
(465, 12, 130, '0', 0, '2022-01-12 19:19:11'),
(466, 12, 131, '0', 0, '2022-01-12 19:19:11'),
(467, 12, 132, '0', 0, '2022-01-12 19:19:11'),
(468, 12, 133, '0', 0, '2022-01-12 19:19:11'),
(469, 12, 134, '0', 0, '2022-01-12 19:19:11'),
(470, 12, 135, '0', 0, '2022-01-12 19:19:11'),
(471, 12, 136, '0', 0, '2022-01-12 19:19:11'),
(472, 12, 137, '0', 0, '2022-01-12 19:19:11'),
(473, 12, 138, '0', 0, '2022-01-12 19:19:11'),
(474, 12, 141, '0', 0, '2022-01-12 19:19:11'),
(475, 12, 142, '0', 0, '2022-01-12 19:19:11'),
(476, 12, 143, '0', 0, '2022-01-12 19:19:11'),
(477, 12, 144, '0', 0, '2022-01-12 19:19:11'),
(478, 12, 145, '0', 0, '2022-01-12 19:19:11'),
(479, 12, 146, '0', 0, '2022-01-12 19:19:11'),
(480, 12, 147, '0', 0, '2022-01-12 19:19:11'),
(481, 13, 104, '0', 0, '2022-01-25 15:03:10'),
(482, 13, 105, '0', 0, '2022-01-25 15:03:10'),
(483, 13, 106, '0', 0, '2022-01-25 15:03:10'),
(484, 13, 108, '0', 0, '2022-01-25 15:03:10'),
(485, 13, 109, '0', 0, '2022-01-25 15:03:10'),
(486, 13, 110, '0', 0, '2022-01-25 15:03:10'),
(487, 13, 111, '0', 0, '2022-01-25 15:03:10'),
(488, 13, 112, '0', 0, '2022-01-25 15:03:10'),
(489, 13, 113, '0', 0, '2022-01-25 15:03:10'),
(490, 13, 115, '0', 0, '2022-01-25 15:03:10'),
(491, 13, 116, '0', 0, '2022-01-25 15:03:10'),
(492, 13, 117, '0', 0, '2022-01-25 15:03:10'),
(493, 13, 118, '0', 0, '2022-01-25 15:03:10'),
(494, 13, 119, '0', 0, '2022-01-25 15:03:10'),
(495, 13, 120, '0', 0, '2022-01-25 15:03:10'),
(496, 13, 121, '0', 0, '2022-01-25 15:03:10'),
(497, 13, 122, '0', 0, '2022-01-25 15:03:10'),
(498, 13, 123, '0', 0, '2022-01-25 15:03:10'),
(499, 13, 124, '0', 0, '2022-01-25 15:03:10'),
(500, 13, 125, '0', 0, '2022-01-25 15:03:10'),
(501, 13, 126, '0', 0, '2022-01-25 15:03:10'),
(502, 13, 127, '0', 0, '2022-01-25 15:03:10'),
(503, 13, 128, '0', 0, '2022-01-25 15:03:10'),
(504, 13, 129, '0', 0, '2022-01-25 15:03:10'),
(505, 13, 130, '0', 0, '2022-01-25 15:03:10'),
(506, 13, 131, '0', 0, '2022-01-25 15:03:10'),
(507, 13, 132, '0', 0, '2022-01-25 15:03:10'),
(508, 13, 133, '0', 0, '2022-01-25 15:03:10'),
(509, 13, 134, '0', 0, '2022-01-25 15:03:10'),
(510, 13, 135, '0', 0, '2022-01-25 15:03:10'),
(511, 13, 136, '0', 0, '2022-01-25 15:03:10'),
(512, 13, 137, '0', 0, '2022-01-25 15:03:10'),
(513, 13, 138, '0', 0, '2022-01-25 15:03:10'),
(514, 13, 141, '0', 0, '2022-01-25 15:03:10'),
(515, 13, 142, '0', 0, '2022-01-25 15:03:10'),
(516, 13, 143, '0', 0, '2022-01-25 15:03:10'),
(517, 13, 144, '0', 0, '2022-01-25 15:03:10'),
(518, 13, 145, '0', 0, '2022-01-25 15:03:10'),
(519, 13, 146, '0', 0, '2022-01-25 15:03:10'),
(520, 13, 147, '0', 0, '2022-01-25 15:03:10'),
(521, 14, 104, '0', 0, '2022-01-25 15:04:25'),
(522, 14, 105, '0', 0, '2022-01-25 15:04:25'),
(523, 14, 106, '0', 0, '2022-01-25 15:04:25'),
(524, 14, 108, '0', 0, '2022-01-25 15:04:25'),
(525, 14, 109, '0', 0, '2022-01-25 15:04:25'),
(526, 14, 110, '0', 0, '2022-01-25 15:04:25'),
(527, 14, 111, '0', 0, '2022-01-25 15:04:25'),
(528, 14, 112, '0', 0, '2022-01-25 15:04:25'),
(529, 14, 113, '0', 0, '2022-01-25 15:04:25'),
(530, 14, 115, '0', 0, '2022-01-25 15:04:25'),
(531, 14, 116, '0', 0, '2022-01-25 15:04:25'),
(532, 14, 117, '0', 0, '2022-01-25 15:04:25'),
(533, 14, 118, '0', 0, '2022-01-25 15:04:25'),
(534, 14, 119, '0', 0, '2022-01-25 15:04:25'),
(535, 14, 120, '0', 0, '2022-01-25 15:04:25'),
(536, 14, 121, '0', 0, '2022-01-25 15:04:25'),
(537, 14, 122, '0', 0, '2022-01-25 15:04:25'),
(538, 14, 123, '0', 0, '2022-01-25 15:04:25'),
(539, 14, 124, '0', 0, '2022-01-25 15:04:25'),
(540, 14, 125, '0', 0, '2022-01-25 15:04:25'),
(541, 14, 126, '0', 0, '2022-01-25 15:04:25'),
(542, 14, 127, '0', 0, '2022-01-25 15:04:25'),
(543, 14, 128, '0', 0, '2022-01-25 15:04:25'),
(544, 14, 129, '0', 0, '2022-01-25 15:04:25'),
(545, 14, 130, '0', 0, '2022-01-25 15:04:25'),
(546, 14, 131, '0', 0, '2022-01-25 15:04:25'),
(547, 14, 132, '0', 0, '2022-01-25 15:04:25'),
(548, 14, 133, '0', 0, '2022-01-25 15:04:25'),
(549, 14, 134, '0', 0, '2022-01-25 15:04:25'),
(550, 14, 135, '0', 0, '2022-01-25 15:04:25'),
(551, 14, 136, '0', 0, '2022-01-25 15:04:25'),
(552, 14, 137, '0', 0, '2022-01-25 15:04:25'),
(553, 14, 138, '0', 0, '2022-01-25 15:04:25'),
(554, 14, 141, '0', 0, '2022-01-25 15:04:25'),
(555, 14, 142, '0', 0, '2022-01-25 15:04:25'),
(556, 14, 143, '0', 0, '2022-01-25 15:04:25'),
(557, 14, 144, '1', 10, '2022-01-25 15:04:25'),
(558, 14, 145, '1', 10, '2022-01-25 15:04:25'),
(559, 14, 146, '1', 10, '2022-01-25 15:04:25'),
(560, 14, 147, '1', 10, '2022-01-25 15:04:25'),
(561, 15, 104, '0', 0, '2022-01-28 00:16:02'),
(562, 15, 105, '0', 0, '2022-01-28 00:16:02'),
(563, 15, 106, '0', 0, '2022-01-28 00:16:02'),
(564, 15, 108, '0', 0, '2022-01-28 00:16:02'),
(565, 15, 109, '0', 0, '2022-01-28 00:16:02'),
(566, 15, 110, '0', 0, '2022-01-28 00:16:02'),
(567, 15, 111, '0', 0, '2022-01-28 00:16:02'),
(568, 15, 112, '0', 0, '2022-01-28 00:16:02'),
(569, 15, 113, '0', 0, '2022-01-28 00:16:02'),
(570, 15, 115, '0', 0, '2022-01-28 00:16:02'),
(571, 15, 116, '0', 0, '2022-01-28 00:16:02'),
(572, 15, 117, '0', 0, '2022-01-28 00:16:02'),
(573, 15, 118, '0', 0, '2022-01-28 00:16:02'),
(574, 15, 119, '0', 0, '2022-01-28 00:16:02'),
(575, 15, 120, '0', 0, '2022-01-28 00:16:02'),
(576, 15, 121, '0', 0, '2022-01-28 00:16:02'),
(577, 15, 122, '0', 0, '2022-01-28 00:16:02'),
(578, 15, 123, '0', 0, '2022-01-28 00:16:02'),
(579, 15, 124, '0', 0, '2022-01-28 00:16:02'),
(580, 15, 125, '0', 0, '2022-01-28 00:16:02'),
(581, 15, 126, '0', 0, '2022-01-28 00:16:02'),
(582, 15, 127, '0', 0, '2022-01-28 00:16:02'),
(583, 15, 128, '0', 0, '2022-01-28 00:16:02'),
(584, 15, 129, '0', 0, '2022-01-28 00:16:02'),
(585, 15, 130, '0', 0, '2022-01-28 00:16:02'),
(586, 15, 131, '0', 0, '2022-01-28 00:16:02'),
(587, 15, 132, '0', 0, '2022-01-28 00:16:02'),
(588, 15, 133, '0', 0, '2022-01-28 00:16:02'),
(589, 15, 134, '0', 0, '2022-01-28 00:16:02'),
(590, 15, 135, '0', 0, '2022-01-28 00:16:02'),
(591, 15, 136, '0', 0, '2022-01-28 00:16:02'),
(592, 15, 137, '0', 0, '2022-01-28 00:16:02'),
(593, 15, 138, '0', 0, '2022-01-28 00:16:02'),
(594, 15, 141, '0', 0, '2022-01-28 00:16:02'),
(595, 15, 142, '0', 0, '2022-01-28 00:16:02'),
(596, 15, 143, '0', 0, '2022-01-28 00:16:02'),
(597, 15, 144, '0', 0, '2022-01-28 00:16:03'),
(598, 15, 145, '0', 0, '2022-01-28 00:16:03'),
(599, 15, 146, '0', 0, '2022-01-28 00:16:03'),
(600, 15, 147, '0', 0, '2022-01-28 00:16:03'),
(601, 16, 104, '1', 10, '2022-01-28 00:19:11'),
(602, 16, 105, '1', 10, '2022-01-28 00:19:11'),
(603, 16, 106, '1', 10, '2022-01-28 00:19:11'),
(604, 16, 108, '1', 10, '2022-01-28 00:19:11'),
(605, 16, 109, '0', 0, '2022-01-28 00:19:11'),
(606, 16, 110, '0', 0, '2022-01-28 00:19:11'),
(607, 16, 111, '0', 0, '2022-01-28 00:19:11'),
(608, 16, 112, '0', 0, '2022-01-28 00:19:11'),
(609, 16, 113, '0', 0, '2022-01-28 00:19:11'),
(610, 16, 115, '0', 0, '2022-01-28 00:19:11'),
(611, 16, 116, '0', 0, '2022-01-28 00:19:11'),
(612, 16, 117, '0', 0, '2022-01-28 00:19:11'),
(613, 16, 118, '0', 0, '2022-01-28 00:19:12'),
(614, 16, 119, '0', 0, '2022-01-28 00:19:12'),
(615, 16, 120, '0', 0, '2022-01-28 00:19:12'),
(616, 16, 121, '0', 0, '2022-01-28 00:19:12'),
(617, 16, 122, '0', 0, '2022-01-28 00:19:12'),
(618, 16, 123, '0', 0, '2022-01-28 00:19:12'),
(619, 16, 124, '0', 0, '2022-01-28 00:19:12'),
(620, 16, 125, '0', 0, '2022-01-28 00:19:12'),
(621, 16, 126, '0', 0, '2022-01-28 00:19:12'),
(622, 16, 127, '0', 0, '2022-01-28 00:19:12'),
(623, 16, 128, '0', 0, '2022-01-28 00:19:12'),
(624, 16, 129, '0', 0, '2022-01-28 00:19:12'),
(625, 16, 130, '0', 0, '2022-01-28 00:19:12'),
(626, 16, 131, '0', 0, '2022-01-28 00:19:12'),
(627, 16, 132, '0', 0, '2022-01-28 00:19:12'),
(628, 16, 133, '0', 0, '2022-01-28 00:19:12'),
(629, 16, 134, '0', 0, '2022-01-28 00:19:12'),
(630, 16, 135, '0', 0, '2022-01-28 00:19:12'),
(631, 16, 136, '0', 0, '2022-01-28 00:19:12'),
(632, 16, 137, '0', 0, '2022-01-28 00:19:12'),
(633, 16, 138, '0', 0, '2022-01-28 00:19:12'),
(634, 16, 141, '0', 0, '2022-01-28 00:19:12'),
(635, 16, 142, '0', 0, '2022-01-28 00:19:12'),
(636, 16, 143, '0', 0, '2022-01-28 00:19:12'),
(637, 16, 144, '0', 0, '2022-01-28 00:19:12'),
(638, 16, 145, '0', 0, '2022-01-28 00:19:12'),
(639, 16, 146, '0', 0, '2022-01-28 00:19:12'),
(640, 16, 147, '0', 0, '2022-01-28 00:19:12'),
(641, 17, 104, '1', 10, '2022-01-28 00:20:18'),
(642, 17, 105, '0', 0, '2022-01-28 00:20:18'),
(643, 17, 106, '0', 0, '2022-01-28 00:20:18'),
(644, 17, 108, '0', 0, '2022-01-28 00:20:18'),
(645, 17, 109, '0', 0, '2022-01-28 00:20:18'),
(646, 17, 110, '0', 0, '2022-01-28 00:20:18'),
(647, 17, 111, '1', 10, '2022-01-28 00:20:18'),
(648, 17, 112, '0', 0, '2022-01-28 00:20:18'),
(649, 17, 113, '0', 0, '2022-01-28 00:20:18'),
(650, 17, 115, '0', 0, '2022-01-28 00:20:18'),
(651, 17, 116, '1', 10, '2022-01-28 00:20:18'),
(652, 17, 117, '0', 0, '2022-01-28 00:20:18'),
(653, 17, 118, '1', 10, '2022-01-28 00:20:18'),
(654, 17, 119, '1', 10, '2022-01-28 00:20:18'),
(655, 17, 120, '1', 10, '2022-01-28 00:20:18'),
(656, 17, 121, '0', 0, '2022-01-28 00:20:18'),
(657, 17, 122, '0', 0, '2022-01-28 00:20:18'),
(658, 17, 123, '0', 0, '2022-01-28 00:20:18'),
(659, 17, 124, '0', 0, '2022-01-28 00:20:18'),
(660, 17, 125, '0', 0, '2022-01-28 00:20:18'),
(661, 17, 126, '0', 0, '2022-01-28 00:20:18'),
(662, 17, 127, '0', 0, '2022-01-28 00:20:18'),
(663, 17, 128, '0', 0, '2022-01-28 00:20:18'),
(664, 17, 129, '0', 0, '2022-01-28 00:20:18'),
(665, 17, 130, '0', 0, '2022-01-28 00:20:18'),
(666, 17, 131, '0', 0, '2022-01-28 00:20:18'),
(667, 17, 132, '0', 0, '2022-01-28 00:20:18'),
(668, 17, 133, '0', 0, '2022-01-28 00:20:18'),
(669, 17, 134, '0', 0, '2022-01-28 00:20:18'),
(670, 17, 135, '0', 0, '2022-01-28 00:20:18'),
(671, 17, 136, '0', 0, '2022-01-28 00:20:18'),
(672, 17, 137, '0', 0, '2022-01-28 00:20:18'),
(673, 17, 138, '0', 0, '2022-01-28 00:20:18'),
(674, 17, 141, '0', 0, '2022-01-28 00:20:18'),
(675, 17, 142, '0', 0, '2022-01-28 00:20:18'),
(676, 17, 143, '0', 0, '2022-01-28 00:20:18'),
(677, 17, 144, '0', 0, '2022-01-28 00:20:18'),
(678, 17, 145, '0', 0, '2022-01-28 00:20:18'),
(679, 17, 146, '0', 0, '2022-01-28 00:20:18'),
(680, 17, 147, '0', 0, '2022-01-28 00:20:18'),
(681, 18, 104, '0', 0, '2022-01-28 01:06:41'),
(682, 18, 105, '0', 0, '2022-01-28 01:06:41'),
(683, 18, 106, '0', 0, '2022-01-28 01:06:41'),
(684, 18, 108, '0', 0, '2022-01-28 01:06:41'),
(685, 18, 109, '0', 0, '2022-01-28 01:06:41'),
(686, 18, 110, '0', 0, '2022-01-28 01:06:41'),
(687, 18, 111, '0', 0, '2022-01-28 01:06:41'),
(688, 18, 112, '0', 0, '2022-01-28 01:06:41'),
(689, 18, 113, '0', 0, '2022-01-28 01:06:41'),
(690, 18, 115, '0', 0, '2022-01-28 01:06:41'),
(691, 18, 116, '0', 0, '2022-01-28 01:06:41'),
(692, 18, 117, '0', 0, '2022-01-28 01:06:41'),
(693, 18, 118, '0', 0, '2022-01-28 01:06:41'),
(694, 18, 119, '0', 0, '2022-01-28 01:06:41'),
(695, 18, 120, '0', 0, '2022-01-28 01:06:41'),
(696, 18, 121, '0', 0, '2022-01-28 01:06:41'),
(697, 18, 122, '0', 0, '2022-01-28 01:06:41'),
(698, 18, 123, '0', 0, '2022-01-28 01:06:41'),
(699, 18, 124, '0', 0, '2022-01-28 01:06:41'),
(700, 18, 125, '0', 0, '2022-01-28 01:06:41'),
(701, 18, 126, '0', 0, '2022-01-28 01:06:41'),
(702, 18, 127, '0', 0, '2022-01-28 01:06:41'),
(703, 18, 128, '0', 0, '2022-01-28 01:06:41'),
(704, 18, 129, '0', 0, '2022-01-28 01:06:41'),
(705, 18, 130, '0', 0, '2022-01-28 01:06:41'),
(706, 18, 131, '0', 0, '2022-01-28 01:06:41'),
(707, 18, 132, '0', 0, '2022-01-28 01:06:41'),
(708, 18, 133, '0', 0, '2022-01-28 01:06:41'),
(709, 18, 134, '1', 10, '2022-01-28 01:06:41'),
(710, 18, 135, '1', 10, '2022-01-28 01:06:41'),
(711, 18, 136, '1', 10, '2022-01-28 01:06:41'),
(712, 18, 137, '1', 10, '2022-01-28 01:06:41'),
(713, 18, 138, '1', 10, '2022-01-28 01:06:41'),
(714, 18, 141, '1', 10, '2022-01-28 01:06:41'),
(715, 18, 142, '0', 0, '2022-01-28 01:06:41'),
(716, 18, 143, '0', 0, '2022-01-28 01:06:41'),
(717, 18, 144, '0', 0, '2022-01-28 01:06:41'),
(718, 18, 145, '0', 0, '2022-01-28 01:06:41'),
(719, 18, 146, '0', 0, '2022-01-28 01:06:41'),
(720, 18, 147, '0', 0, '2022-01-28 01:06:41'),
(721, 19, 104, '0', 0, '2022-03-13 17:58:01'),
(722, 19, 105, '0', 0, '2022-03-13 17:58:01'),
(723, 19, 106, '0', 0, '2022-03-13 17:58:01'),
(724, 19, 108, '0', 0, '2022-03-13 17:58:01'),
(725, 19, 109, '0', 0, '2022-03-13 17:58:01'),
(726, 19, 110, '0', 0, '2022-03-13 17:58:01'),
(727, 19, 111, '0', 0, '2022-03-13 17:58:01'),
(728, 19, 112, '0', 0, '2022-03-13 17:58:01'),
(729, 19, 113, '0', 0, '2022-03-13 17:58:01'),
(730, 19, 115, '0', 0, '2022-03-13 17:58:01'),
(731, 19, 116, '0', 0, '2022-03-13 17:58:01'),
(732, 19, 117, '0', 0, '2022-03-13 17:58:01'),
(733, 19, 118, '0', 0, '2022-03-13 17:58:01'),
(734, 19, 119, '0', 0, '2022-03-13 17:58:01'),
(735, 19, 120, '0', 0, '2022-03-13 17:58:01'),
(736, 19, 121, '0', 0, '2022-03-13 17:58:01'),
(737, 19, 122, '0', 0, '2022-03-13 17:58:01'),
(738, 19, 123, '0', 0, '2022-03-13 17:58:01'),
(739, 19, 124, '0', 0, '2022-03-13 17:58:01'),
(740, 19, 125, '0', 0, '2022-03-13 17:58:01'),
(741, 19, 126, '0', 0, '2022-03-13 17:58:01'),
(742, 19, 127, '0', 0, '2022-03-13 17:58:01'),
(743, 19, 128, '0', 0, '2022-03-13 17:58:01'),
(744, 19, 129, '0', 0, '2022-03-13 17:58:01'),
(745, 19, 130, '0', 0, '2022-03-13 17:58:01'),
(746, 19, 131, '0', 0, '2022-03-13 17:58:01'),
(747, 19, 132, '0', 0, '2022-03-13 17:58:01'),
(748, 19, 133, '0', 0, '2022-03-13 17:58:01'),
(749, 19, 134, '0', 0, '2022-03-13 17:58:01'),
(750, 19, 135, '0', 0, '2022-03-13 17:58:01'),
(751, 19, 136, '0', 0, '2022-03-13 17:58:01'),
(752, 19, 137, '0', 0, '2022-03-13 17:58:01'),
(753, 19, 138, '0', 0, '2022-03-13 17:58:01'),
(754, 19, 141, '0', 0, '2022-03-13 17:58:01'),
(755, 19, 142, '0', 0, '2022-03-13 17:58:01'),
(756, 19, 143, '0', 0, '2022-03-13 17:58:01'),
(757, 19, 144, '0', 0, '2022-03-13 17:58:01'),
(758, 19, 145, '0', 0, '2022-03-13 17:58:01'),
(759, 19, 146, '0', 0, '2022-03-13 17:58:01'),
(760, 19, 147, '0', 0, '2022-03-13 17:58:01'),
(761, 20, 104, '0', 0, '2022-03-13 18:07:21'),
(762, 20, 105, '0', 0, '2022-03-13 18:07:21'),
(763, 20, 106, '0', 0, '2022-03-13 18:07:21'),
(764, 20, 108, '0', 0, '2022-03-13 18:07:21'),
(765, 20, 109, '0', 0, '2022-03-13 18:07:21'),
(766, 20, 110, '0', 0, '2022-03-13 18:07:21'),
(767, 20, 111, '0', 0, '2022-03-13 18:07:21'),
(768, 20, 112, '0', 0, '2022-03-13 18:07:21'),
(769, 20, 113, '0', 0, '2022-03-13 18:07:21'),
(770, 20, 115, '0', 0, '2022-03-13 18:07:21'),
(771, 20, 116, '0', 0, '2022-03-13 18:07:21'),
(772, 20, 117, '0', 0, '2022-03-13 18:07:21'),
(773, 20, 118, '0', 0, '2022-03-13 18:07:21'),
(774, 20, 119, '0', 0, '2022-03-13 18:07:21'),
(775, 20, 120, '0', 0, '2022-03-13 18:07:21'),
(776, 20, 121, '0', 0, '2022-03-13 18:07:21'),
(777, 20, 122, '0', 0, '2022-03-13 18:07:21'),
(778, 20, 123, '0', 0, '2022-03-13 18:07:21'),
(779, 20, 124, '0', 0, '2022-03-13 18:07:21'),
(780, 20, 125, '0', 0, '2022-03-13 18:07:21'),
(781, 20, 126, '0', 0, '2022-03-13 18:07:21'),
(782, 20, 127, '0', 0, '2022-03-13 18:07:21'),
(783, 20, 128, '0', 0, '2022-03-13 18:07:21'),
(784, 20, 129, '0', 0, '2022-03-13 18:07:21'),
(785, 20, 130, '0', 0, '2022-03-13 18:07:21'),
(786, 20, 131, '0', 0, '2022-03-13 18:07:21'),
(787, 20, 132, '0', 0, '2022-03-13 18:07:21'),
(788, 20, 133, '0', 0, '2022-03-13 18:07:21'),
(789, 20, 134, '0', 0, '2022-03-13 18:07:21'),
(790, 20, 135, '0', 0, '2022-03-13 18:07:21'),
(791, 20, 136, '0', 0, '2022-03-13 18:07:21'),
(792, 20, 137, '0', 0, '2022-03-13 18:07:21'),
(793, 20, 138, '0', 0, '2022-03-13 18:07:21'),
(794, 20, 141, '0', 0, '2022-03-13 18:07:21'),
(795, 20, 142, '0', 0, '2022-03-13 18:07:21'),
(796, 20, 143, '0', 0, '2022-03-13 18:07:21'),
(797, 20, 144, '1', 10, '2022-03-13 18:07:21'),
(798, 20, 145, '1', 10, '2022-03-13 18:07:21'),
(799, 20, 146, '1', 10, '2022-03-13 18:07:21'),
(800, 20, 147, '1', 10, '2022-03-13 18:07:21'),
(801, 21, 104, '1', 10, '2022-03-14 03:18:34'),
(802, 21, 105, '1', 10, '2022-03-14 03:18:34'),
(803, 21, 106, '1', 10, '2022-03-14 03:18:34'),
(804, 21, 108, '1', 10, '2022-03-14 03:18:34'),
(805, 21, 109, '1', 10, '2022-03-14 03:18:34'),
(806, 21, 110, '1', 10, '2022-03-14 03:18:34'),
(807, 21, 111, '0', 0, '2022-03-14 03:18:34'),
(808, 21, 112, '0', 0, '2022-03-14 03:18:34'),
(809, 21, 113, '0', 0, '2022-03-14 03:18:35'),
(810, 21, 115, '0', 0, '2022-03-14 03:18:35'),
(811, 21, 116, '0', 0, '2022-03-14 03:18:35'),
(812, 21, 117, '0', 0, '2022-03-14 03:18:35'),
(813, 21, 118, '0', 0, '2022-03-14 03:18:35'),
(814, 21, 119, '0', 0, '2022-03-14 03:18:35'),
(815, 21, 120, '0', 0, '2022-03-14 03:18:35'),
(816, 21, 121, '0', 0, '2022-03-14 03:18:35'),
(817, 21, 122, '0', 0, '2022-03-14 03:18:35'),
(818, 21, 123, '0', 0, '2022-03-14 03:18:35'),
(819, 21, 124, '0', 0, '2022-03-14 03:18:35'),
(820, 21, 125, '0', 0, '2022-03-14 03:18:35'),
(821, 21, 126, '0', 0, '2022-03-14 03:18:35'),
(822, 21, 127, '0', 0, '2022-03-14 03:18:35'),
(823, 21, 128, '0', 0, '2022-03-14 03:18:35'),
(824, 21, 129, '0', 0, '2022-03-14 03:18:35'),
(825, 21, 130, '0', 0, '2022-03-14 03:18:35'),
(826, 21, 131, '0', 0, '2022-03-14 03:18:35'),
(827, 21, 132, '0', 0, '2022-03-14 03:18:35'),
(828, 21, 133, '0', 0, '2022-03-14 03:18:35'),
(829, 21, 134, '0', 0, '2022-03-14 03:18:35'),
(830, 21, 135, '0', 0, '2022-03-14 03:18:35'),
(831, 21, 136, '0', 0, '2022-03-14 03:18:35'),
(832, 21, 137, '0', 0, '2022-03-14 03:18:35'),
(833, 21, 138, '0', 0, '2022-03-14 03:18:35'),
(834, 21, 141, '0', 0, '2022-03-14 03:18:35'),
(835, 21, 142, '0', 0, '2022-03-14 03:18:35'),
(836, 21, 143, '0', 0, '2022-03-14 03:18:35'),
(837, 21, 144, '0', 0, '2022-03-14 03:18:35'),
(838, 21, 145, '0', 0, '2022-03-14 03:18:35'),
(839, 21, 146, '0', 0, '2022-03-14 03:18:35'),
(840, 21, 147, '0', 0, '2022-03-14 03:18:35'),
(841, 22, 104, '0', 0, '2022-03-18 07:11:01'),
(842, 22, 105, '0', 0, '2022-03-18 07:11:01'),
(843, 22, 106, '0', 0, '2022-03-18 07:11:01'),
(844, 22, 108, '0', 0, '2022-03-18 07:11:01'),
(845, 22, 109, '0', 0, '2022-03-18 07:11:01'),
(846, 22, 110, '0', 0, '2022-03-18 07:11:01'),
(847, 22, 111, '0', 0, '2022-03-18 07:11:01'),
(848, 22, 112, '0', 0, '2022-03-18 07:11:01'),
(849, 22, 113, '0', 0, '2022-03-18 07:11:01'),
(850, 22, 115, '0', 0, '2022-03-18 07:11:01'),
(851, 22, 116, '0', 0, '2022-03-18 07:11:01'),
(852, 22, 117, '0', 0, '2022-03-18 07:11:01'),
(853, 22, 118, '0', 0, '2022-03-18 07:11:01'),
(854, 22, 119, '0', 0, '2022-03-18 07:11:01'),
(855, 22, 120, '0', 0, '2022-03-18 07:11:01'),
(856, 22, 121, '0', 0, '2022-03-18 07:11:01'),
(857, 22, 122, '0', 0, '2022-03-18 07:11:01'),
(858, 22, 123, '0', 0, '2022-03-18 07:11:01'),
(859, 22, 124, '0', 0, '2022-03-18 07:11:01'),
(860, 22, 125, '0', 0, '2022-03-18 07:11:01'),
(861, 22, 126, '0', 0, '2022-03-18 07:11:01'),
(862, 22, 127, '0', 0, '2022-03-18 07:11:01'),
(863, 22, 128, '0', 0, '2022-03-18 07:11:01'),
(864, 22, 129, '0', 0, '2022-03-18 07:11:01'),
(865, 22, 130, '0', 0, '2022-03-18 07:11:01'),
(866, 22, 131, '0', 0, '2022-03-18 07:11:01'),
(867, 22, 132, '0', 0, '2022-03-18 07:11:01'),
(868, 22, 133, '0', 0, '2022-03-18 07:11:01'),
(869, 22, 134, '0', 0, '2022-03-18 07:11:01'),
(870, 22, 135, '0', 0, '2022-03-18 07:11:01'),
(871, 22, 136, '0', 0, '2022-03-18 07:11:01'),
(872, 22, 137, '0', 0, '2022-03-18 07:11:01'),
(873, 22, 138, '0', 0, '2022-03-18 07:11:01'),
(874, 22, 141, '0', 0, '2022-03-18 07:11:01'),
(875, 22, 142, '0', 0, '2022-03-18 07:11:01'),
(876, 22, 143, '0', 0, '2022-03-18 07:11:01'),
(877, 22, 144, '0', 0, '2022-03-18 07:11:01'),
(878, 22, 145, '0', 0, '2022-03-18 07:11:01'),
(879, 22, 146, '0', 0, '2022-03-18 07:11:01'),
(880, 22, 147, '0', 0, '2022-03-18 07:11:01'),
(881, 23, 104, '1', 10, '2022-03-18 07:11:09'),
(882, 23, 105, '1', 10, '2022-03-18 07:11:09'),
(883, 23, 106, '1', 10, '2022-03-18 07:11:09'),
(884, 23, 108, '1', 10, '2022-03-18 07:11:09'),
(885, 23, 109, '1', 10, '2022-03-18 07:11:09'),
(886, 23, 110, '0', 0, '2022-03-18 07:11:09'),
(887, 23, 111, '0', 0, '2022-03-18 07:11:09'),
(888, 23, 112, '0', 0, '2022-03-18 07:11:09'),
(889, 23, 113, '0', 0, '2022-03-18 07:11:09'),
(890, 23, 115, '0', 0, '2022-03-18 07:11:09'),
(891, 23, 116, '0', 0, '2022-03-18 07:11:09'),
(892, 23, 117, '0', 0, '2022-03-18 07:11:09'),
(893, 23, 118, '0', 0, '2022-03-18 07:11:09'),
(894, 23, 119, '0', 0, '2022-03-18 07:11:09'),
(895, 23, 120, '0', 0, '2022-03-18 07:11:09'),
(896, 23, 121, '0', 0, '2022-03-18 07:11:09'),
(897, 23, 122, '0', 0, '2022-03-18 07:11:09'),
(898, 23, 123, '0', 0, '2022-03-18 07:11:09'),
(899, 23, 124, '0', 0, '2022-03-18 07:11:09'),
(900, 23, 125, '0', 0, '2022-03-18 07:11:09'),
(901, 23, 126, '0', 0, '2022-03-18 07:11:09'),
(902, 23, 127, '0', 0, '2022-03-18 07:11:09'),
(903, 23, 128, '0', 0, '2022-03-18 07:11:09'),
(904, 23, 129, '0', 0, '2022-03-18 07:11:09'),
(905, 23, 130, '0', 0, '2022-03-18 07:11:09'),
(906, 23, 131, '0', 0, '2022-03-18 07:11:09'),
(907, 23, 132, '0', 0, '2022-03-18 07:11:09'),
(908, 23, 133, '0', 0, '2022-03-18 07:11:09'),
(909, 23, 134, '0', 0, '2022-03-18 07:11:09'),
(910, 23, 135, '0', 0, '2022-03-18 07:11:09'),
(911, 23, 136, '0', 0, '2022-03-18 07:11:09'),
(912, 23, 137, '0', 0, '2022-03-18 07:11:09'),
(913, 23, 138, '0', 0, '2022-03-18 07:11:09'),
(914, 23, 141, '0', 0, '2022-03-18 07:11:09'),
(915, 23, 142, '0', 0, '2022-03-18 07:11:09'),
(916, 23, 143, '0', 0, '2022-03-18 07:11:09'),
(917, 23, 144, '0', 0, '2022-03-18 07:11:09'),
(918, 23, 145, '0', 0, '2022-03-18 07:11:09'),
(919, 23, 146, '0', 0, '2022-03-18 07:11:09'),
(920, 23, 147, '0', 0, '2022-03-18 07:11:09'),
(921, 24, 104, '0', 0, '2022-03-18 07:21:11'),
(922, 24, 105, '0', 0, '2022-03-18 07:21:11'),
(923, 24, 106, '0', 0, '2022-03-18 07:21:11'),
(924, 24, 108, '0', 0, '2022-03-18 07:21:11'),
(925, 24, 109, '0', 0, '2022-03-18 07:21:11'),
(926, 24, 110, '0', 0, '2022-03-18 07:21:11'),
(927, 24, 111, '0', 0, '2022-03-18 07:21:11'),
(928, 24, 112, '0', 0, '2022-03-18 07:21:11'),
(929, 24, 113, '0', 0, '2022-03-18 07:21:11'),
(930, 24, 115, '0', 0, '2022-03-18 07:21:11'),
(931, 24, 116, '0', 0, '2022-03-18 07:21:11'),
(932, 24, 117, '0', 0, '2022-03-18 07:21:11'),
(933, 24, 118, '0', 0, '2022-03-18 07:21:11'),
(934, 24, 119, '0', 0, '2022-03-18 07:21:11'),
(935, 24, 120, '0', 0, '2022-03-18 07:21:11'),
(936, 24, 121, '0', 0, '2022-03-18 07:21:11'),
(937, 24, 122, '0', 0, '2022-03-18 07:21:11'),
(938, 24, 123, '0', 0, '2022-03-18 07:21:11'),
(939, 24, 124, '0', 0, '2022-03-18 07:21:11'),
(940, 24, 125, '0', 0, '2022-03-18 07:21:11'),
(941, 24, 126, '0', 0, '2022-03-18 07:21:11'),
(942, 24, 127, '0', 0, '2022-03-18 07:21:11'),
(943, 24, 128, '0', 0, '2022-03-18 07:21:11'),
(944, 24, 129, '0', 0, '2022-03-18 07:21:11'),
(945, 24, 130, '0', 0, '2022-03-18 07:21:11'),
(946, 24, 131, '0', 0, '2022-03-18 07:21:11'),
(947, 24, 132, '0', 0, '2022-03-18 07:21:11'),
(948, 24, 133, '0', 0, '2022-03-18 07:21:11'),
(949, 24, 134, '0', 0, '2022-03-18 07:21:11'),
(950, 24, 135, '0', 0, '2022-03-18 07:21:11'),
(951, 24, 136, '0', 0, '2022-03-18 07:21:11'),
(952, 24, 137, '0', 0, '2022-03-18 07:21:11'),
(953, 24, 138, '0', 0, '2022-03-18 07:21:11'),
(954, 24, 141, '0', 0, '2022-03-18 07:21:11'),
(955, 24, 142, '0', 0, '2022-03-18 07:21:11'),
(956, 24, 143, '0', 0, '2022-03-18 07:21:11'),
(957, 24, 144, '0', 0, '2022-03-18 07:21:11'),
(958, 24, 145, '0', 0, '2022-03-18 07:21:11'),
(959, 24, 146, '0', 0, '2022-03-18 07:21:11'),
(960, 24, 147, '0', 0, '2022-03-18 07:21:11'),
(961, 25, 104, '0', 0, '2022-03-18 07:22:41'),
(962, 25, 105, '0', 0, '2022-03-18 07:22:41'),
(963, 25, 106, '0', 0, '2022-03-18 07:22:41'),
(964, 25, 108, '0', 0, '2022-03-18 07:22:41'),
(965, 25, 109, '0', 0, '2022-03-18 07:22:41'),
(966, 25, 110, '0', 0, '2022-03-18 07:22:41'),
(967, 25, 111, '0', 0, '2022-03-18 07:22:41'),
(968, 25, 112, '0', 0, '2022-03-18 07:22:41'),
(969, 25, 113, '0', 0, '2022-03-18 07:22:41'),
(970, 25, 115, '0', 0, '2022-03-18 07:22:41'),
(971, 25, 116, '0', 0, '2022-03-18 07:22:41'),
(972, 25, 117, '0', 0, '2022-03-18 07:22:41'),
(973, 25, 118, '0', 0, '2022-03-18 07:22:41'),
(974, 25, 119, '0', 0, '2022-03-18 07:22:41'),
(975, 25, 120, '0', 0, '2022-03-18 07:22:41'),
(976, 25, 121, '0', 0, '2022-03-18 07:22:41'),
(977, 25, 122, '0', 0, '2022-03-18 07:22:41'),
(978, 25, 123, '0', 0, '2022-03-18 07:22:41'),
(979, 25, 124, '0', 0, '2022-03-18 07:22:41'),
(980, 25, 125, '0', 0, '2022-03-18 07:22:41'),
(981, 25, 126, '0', 0, '2022-03-18 07:22:41'),
(982, 25, 127, '0', 0, '2022-03-18 07:22:41'),
(983, 25, 128, '0', 0, '2022-03-18 07:22:41'),
(984, 25, 129, '0', 0, '2022-03-18 07:22:41'),
(985, 25, 130, '0', 0, '2022-03-18 07:22:41'),
(986, 25, 131, '0', 0, '2022-03-18 07:22:41'),
(987, 25, 132, '0', 0, '2022-03-18 07:22:41'),
(988, 25, 133, '0', 0, '2022-03-18 07:22:41'),
(989, 25, 134, '0', 0, '2022-03-18 07:22:41'),
(990, 25, 135, '0', 0, '2022-03-18 07:22:41'),
(991, 25, 136, '0', 0, '2022-03-18 07:22:41'),
(992, 25, 137, '0', 0, '2022-03-18 07:22:41'),
(993, 25, 138, '0', 0, '2022-03-18 07:22:41'),
(994, 25, 141, '0', 0, '2022-03-18 07:22:41'),
(995, 25, 142, '0', 0, '2022-03-18 07:22:41'),
(996, 25, 143, '0', 0, '2022-03-18 07:22:41'),
(997, 25, 144, '0', 0, '2022-03-18 07:22:41'),
(998, 25, 145, '0', 0, '2022-03-18 07:22:41'),
(999, 25, 146, '0', 0, '2022-03-18 07:22:41'),
(1000, 25, 147, '0', 0, '2022-03-18 07:22:41'),
(1001, 26, 104, '1', 10, '2022-03-18 14:51:49'),
(1002, 26, 105, '1', 10, '2022-03-18 14:51:49'),
(1003, 26, 106, '1', 10, '2022-03-18 14:51:49'),
(1004, 26, 108, '1', 10, '2022-03-18 14:51:49'),
(1005, 26, 109, '1', 10, '2022-03-18 14:51:49'),
(1006, 26, 110, '1', 10, '2022-03-18 14:51:49'),
(1007, 26, 111, '1', 10, '2022-03-18 14:51:49'),
(1008, 26, 112, '1', 10, '2022-03-18 14:51:49'),
(1009, 26, 113, '0', 0, '2022-03-18 14:51:49'),
(1010, 26, 115, '0', 0, '2022-03-18 14:51:49'),
(1011, 26, 116, '0', 0, '2022-03-18 14:51:49'),
(1012, 26, 117, '0', 0, '2022-03-18 14:51:49'),
(1013, 26, 118, '0', 0, '2022-03-18 14:51:49'),
(1014, 26, 119, '0', 0, '2022-03-18 14:51:49'),
(1015, 26, 120, '0', 0, '2022-03-18 14:51:49'),
(1016, 26, 121, '0', 0, '2022-03-18 14:51:49'),
(1017, 26, 122, '0', 0, '2022-03-18 14:51:49'),
(1018, 26, 123, '0', 0, '2022-03-18 14:51:49'),
(1019, 26, 124, '0', 0, '2022-03-18 14:51:49'),
(1020, 26, 125, '0', 0, '2022-03-18 14:51:49'),
(1021, 26, 126, '0', 0, '2022-03-18 14:51:49'),
(1022, 26, 127, '0', 0, '2022-03-18 14:51:49'),
(1023, 26, 128, '0', 0, '2022-03-18 14:51:49'),
(1024, 26, 129, '0', 0, '2022-03-18 14:51:49'),
(1025, 26, 130, '0', 0, '2022-03-18 14:51:49'),
(1026, 26, 131, '0', 0, '2022-03-18 14:51:49'),
(1027, 26, 132, '0', 0, '2022-03-18 14:51:49'),
(1028, 26, 133, '0', 0, '2022-03-18 14:51:49'),
(1029, 26, 134, '0', 0, '2022-03-18 14:51:49'),
(1030, 26, 135, '0', 0, '2022-03-18 14:51:49'),
(1031, 26, 136, '0', 0, '2022-03-18 14:51:49'),
(1032, 26, 137, '0', 0, '2022-03-18 14:51:49'),
(1033, 26, 138, '0', 0, '2022-03-18 14:51:49'),
(1034, 26, 141, '0', 0, '2022-03-18 14:51:49'),
(1035, 26, 142, '0', 0, '2022-03-18 14:51:49'),
(1036, 26, 143, '0', 0, '2022-03-18 14:51:49'),
(1037, 26, 144, '0', 0, '2022-03-18 14:51:49'),
(1038, 26, 145, '0', 0, '2022-03-18 14:51:49'),
(1039, 26, 146, '0', 0, '2022-03-18 14:51:49'),
(1040, 26, 147, '0', 0, '2022-03-18 14:51:49'),
(1041, 27, 104, '1', 10, '2022-03-18 14:52:12'),
(1042, 27, 105, '1', 10, '2022-03-18 14:52:12'),
(1043, 27, 106, '1', 10, '2022-03-18 14:52:12'),
(1044, 27, 108, '1', 10, '2022-03-18 14:52:12'),
(1045, 27, 109, '1', 10, '2022-03-18 14:52:12'),
(1046, 27, 110, '1', 10, '2022-03-18 14:52:12'),
(1047, 27, 111, '1', 10, '2022-03-18 14:52:12'),
(1048, 27, 112, '1', 10, '2022-03-18 14:52:12'),
(1049, 27, 113, '0', 0, '2022-03-18 14:52:12'),
(1050, 27, 115, '0', 0, '2022-03-18 14:52:12'),
(1051, 27, 116, '1', 10, '2022-03-18 14:52:12'),
(1052, 27, 117, '0', 0, '2022-03-18 14:52:12'),
(1053, 27, 118, '0', 0, '2022-03-18 14:52:12'),
(1054, 27, 119, '0', 0, '2022-03-18 14:52:12'),
(1055, 27, 120, '0', 0, '2022-03-18 14:52:12'),
(1056, 27, 121, '0', 0, '2022-03-18 14:52:12'),
(1057, 27, 122, '0', 0, '2022-03-18 14:52:12'),
(1058, 27, 123, '0', 0, '2022-03-18 14:52:12'),
(1059, 27, 124, '0', 0, '2022-03-18 14:52:12'),
(1060, 27, 125, '0', 0, '2022-03-18 14:52:12'),
(1061, 27, 126, '0', 0, '2022-03-18 14:52:12'),
(1062, 27, 127, '0', 0, '2022-03-18 14:52:12'),
(1063, 27, 128, '0', 0, '2022-03-18 14:52:12'),
(1064, 27, 129, '0', 0, '2022-03-18 14:52:12'),
(1065, 27, 130, '0', 0, '2022-03-18 14:52:12'),
(1066, 27, 131, '0', 0, '2022-03-18 14:52:12'),
(1067, 27, 132, '0', 0, '2022-03-18 14:52:12'),
(1068, 27, 133, '0', 0, '2022-03-18 14:52:12'),
(1069, 27, 134, '0', 0, '2022-03-18 14:52:12'),
(1070, 27, 135, '0', 0, '2022-03-18 14:52:12'),
(1071, 27, 136, '0', 0, '2022-03-18 14:52:12'),
(1072, 27, 137, '0', 0, '2022-03-18 14:52:12'),
(1073, 27, 138, '0', 0, '2022-03-18 14:52:12'),
(1074, 27, 141, '0', 0, '2022-03-18 14:52:12'),
(1075, 27, 142, '0', 0, '2022-03-18 14:52:12'),
(1076, 27, 143, '0', 0, '2022-03-18 14:52:12'),
(1077, 27, 144, '0', 0, '2022-03-18 14:52:12'),
(1078, 27, 145, '0', 0, '2022-03-18 14:52:12'),
(1079, 27, 146, '0', 0, '2022-03-18 14:52:12'),
(1080, 27, 147, '0', 0, '2022-03-18 14:52:12'),
(1081, 28, 104, '0', 0, '2022-03-18 14:53:02'),
(1082, 28, 105, '0', 0, '2022-03-18 14:53:02'),
(1083, 28, 106, '0', 0, '2022-03-18 14:53:02'),
(1084, 28, 108, '0', 0, '2022-03-18 14:53:02'),
(1085, 28, 109, '0', 0, '2022-03-18 14:53:02'),
(1086, 28, 110, '0', 0, '2022-03-18 14:53:02'),
(1087, 28, 111, '0', 0, '2022-03-18 14:53:02'),
(1088, 28, 112, '0', 0, '2022-03-18 14:53:02'),
(1089, 28, 113, '0', 0, '2022-03-18 14:53:02'),
(1090, 28, 115, '0', 0, '2022-03-18 14:53:02'),
(1091, 28, 116, '0', 0, '2022-03-18 14:53:02'),
(1092, 28, 117, '0', 0, '2022-03-18 14:53:02'),
(1093, 28, 118, '0', 0, '2022-03-18 14:53:02'),
(1094, 28, 119, '0', 0, '2022-03-18 14:53:02'),
(1095, 28, 120, '0', 0, '2022-03-18 14:53:02'),
(1096, 28, 121, '0', 0, '2022-03-18 14:53:02'),
(1097, 28, 122, '0', 0, '2022-03-18 14:53:02'),
(1098, 28, 123, '0', 0, '2022-03-18 14:53:02'),
(1099, 28, 124, '0', 0, '2022-03-18 14:53:02'),
(1100, 28, 125, '0', 0, '2022-03-18 14:53:02'),
(1101, 28, 126, '0', 0, '2022-03-18 14:53:02'),
(1102, 28, 127, '0', 0, '2022-03-18 14:53:02'),
(1103, 28, 128, '0', 0, '2022-03-18 14:53:02'),
(1104, 28, 129, '0', 0, '2022-03-18 14:53:02'),
(1105, 28, 130, '0', 0, '2022-03-18 14:53:02'),
(1106, 28, 131, '0', 0, '2022-03-18 14:53:02'),
(1107, 28, 132, '0', 0, '2022-03-18 14:53:02'),
(1108, 28, 133, '0', 0, '2022-03-18 14:53:02'),
(1109, 28, 134, '0', 0, '2022-03-18 14:53:02'),
(1110, 28, 135, '0', 0, '2022-03-18 14:53:02'),
(1111, 28, 136, '0', 0, '2022-03-18 14:53:02'),
(1112, 28, 137, '0', 0, '2022-03-18 14:53:02'),
(1113, 28, 138, '0', 0, '2022-03-18 14:53:02');
INSERT INTO `diagnosa_detail` (`id_diagnosa_detail`, `id_diagnosa`, `id_gejala`, `jawaban`, `nilai`, `created_at`) VALUES
(1114, 28, 141, '0', 0, '2022-03-18 14:53:02'),
(1115, 28, 142, '0', 0, '2022-03-18 14:53:02'),
(1116, 28, 143, '0', 0, '2022-03-18 14:53:02'),
(1117, 28, 144, '0', 0, '2022-03-18 14:53:02'),
(1118, 28, 145, '0', 0, '2022-03-18 14:53:02'),
(1119, 28, 146, '0', 0, '2022-03-18 14:53:02'),
(1120, 28, 147, '0', 0, '2022-03-18 14:53:02'),
(1121, 29, 104, '0', 0, '2022-03-18 17:05:02'),
(1122, 29, 105, '0', 0, '2022-03-18 17:05:02'),
(1123, 29, 106, '0', 0, '2022-03-18 17:05:02'),
(1124, 29, 108, '0', 0, '2022-03-18 17:05:02'),
(1125, 29, 109, '0', 0, '2022-03-18 17:05:02'),
(1126, 29, 110, '0', 0, '2022-03-18 17:05:02'),
(1127, 29, 111, '0', 0, '2022-03-18 17:05:02'),
(1128, 29, 112, '0', 0, '2022-03-18 17:05:02'),
(1129, 29, 113, '0', 0, '2022-03-18 17:05:02'),
(1130, 29, 115, '0', 0, '2022-03-18 17:05:02'),
(1131, 29, 116, '0', 0, '2022-03-18 17:05:02'),
(1132, 29, 117, '0', 0, '2022-03-18 17:05:02'),
(1133, 29, 118, '0', 0, '2022-03-18 17:05:02'),
(1134, 29, 119, '0', 0, '2022-03-18 17:05:02'),
(1135, 29, 120, '0', 0, '2022-03-18 17:05:02'),
(1136, 29, 121, '0', 0, '2022-03-18 17:05:02'),
(1137, 29, 122, '0', 0, '2022-03-18 17:05:02'),
(1138, 29, 123, '0', 0, '2022-03-18 17:05:02'),
(1139, 29, 124, '0', 0, '2022-03-18 17:05:02'),
(1140, 29, 125, '0', 0, '2022-03-18 17:05:02'),
(1141, 29, 126, '0', 0, '2022-03-18 17:05:02'),
(1142, 29, 127, '0', 0, '2022-03-18 17:05:02'),
(1143, 29, 128, '0', 0, '2022-03-18 17:05:02'),
(1144, 29, 129, '0', 0, '2022-03-18 17:05:03'),
(1145, 29, 130, '0', 0, '2022-03-18 17:05:03'),
(1146, 29, 131, '0', 0, '2022-03-18 17:05:03'),
(1147, 29, 132, '0', 0, '2022-03-18 17:05:03'),
(1148, 29, 133, '0', 0, '2022-03-18 17:05:03'),
(1149, 29, 134, '0', 0, '2022-03-18 17:05:03'),
(1150, 29, 135, '0', 0, '2022-03-18 17:05:03'),
(1151, 29, 136, '0', 0, '2022-03-18 17:05:03'),
(1152, 29, 137, '0', 0, '2022-03-18 17:05:03'),
(1153, 29, 138, '0', 0, '2022-03-18 17:05:03'),
(1154, 29, 141, '0', 0, '2022-03-18 17:05:03'),
(1155, 29, 142, '0', 0, '2022-03-18 17:05:03'),
(1156, 29, 143, '0', 0, '2022-03-18 17:05:03'),
(1157, 29, 144, '0', 0, '2022-03-18 17:05:03'),
(1158, 29, 145, '0', 0, '2022-03-18 17:05:03'),
(1159, 29, 146, '0', 0, '2022-03-18 17:05:03'),
(1160, 29, 147, '0', 0, '2022-03-18 17:05:03'),
(1161, 30, 104, '1', 10, '2022-03-19 08:58:43'),
(1162, 30, 105, '1', 10, '2022-03-19 08:58:43'),
(1163, 30, 106, '1', 10, '2022-03-19 08:58:43'),
(1164, 30, 108, '1', 10, '2022-03-19 08:58:43'),
(1165, 30, 109, '1', 10, '2022-03-19 08:58:43'),
(1166, 30, 110, '1', 10, '2022-03-19 08:58:43'),
(1167, 30, 111, '0', 0, '2022-03-19 08:58:43'),
(1168, 30, 112, '0', 0, '2022-03-19 08:58:43'),
(1169, 30, 113, '0', 0, '2022-03-19 08:58:43'),
(1170, 30, 115, '0', 0, '2022-03-19 08:58:43'),
(1171, 30, 116, '0', 0, '2022-03-19 08:58:43'),
(1172, 30, 117, '0', 0, '2022-03-19 08:58:43'),
(1173, 30, 118, '0', 0, '2022-03-19 08:58:43'),
(1174, 30, 119, '0', 0, '2022-03-19 08:58:43'),
(1175, 30, 120, '0', 0, '2022-03-19 08:58:43'),
(1176, 30, 121, '0', 0, '2022-03-19 08:58:43'),
(1177, 30, 122, '0', 0, '2022-03-19 08:58:43'),
(1178, 30, 123, '0', 0, '2022-03-19 08:58:43'),
(1179, 30, 124, '0', 0, '2022-03-19 08:58:43'),
(1180, 30, 125, '0', 0, '2022-03-19 08:58:43'),
(1181, 30, 126, '0', 0, '2022-03-19 08:58:43'),
(1182, 30, 127, '0', 0, '2022-03-19 08:58:43'),
(1183, 30, 128, '0', 0, '2022-03-19 08:58:43'),
(1184, 30, 129, '0', 0, '2022-03-19 08:58:43'),
(1185, 30, 130, '0', 0, '2022-03-19 08:58:43'),
(1186, 30, 131, '0', 0, '2022-03-19 08:58:43'),
(1187, 30, 132, '0', 0, '2022-03-19 08:58:43'),
(1188, 30, 133, '0', 0, '2022-03-19 08:58:43'),
(1189, 30, 134, '0', 0, '2022-03-19 08:58:43'),
(1190, 30, 135, '0', 0, '2022-03-19 08:58:43'),
(1191, 30, 136, '0', 0, '2022-03-19 08:58:43'),
(1192, 30, 137, '0', 0, '2022-03-19 08:58:43'),
(1193, 30, 138, '0', 0, '2022-03-19 08:58:43'),
(1194, 30, 141, '0', 0, '2022-03-19 08:58:43'),
(1195, 30, 142, '0', 0, '2022-03-19 08:58:43'),
(1196, 30, 143, '0', 0, '2022-03-19 08:58:43'),
(1197, 30, 144, '0', 0, '2022-03-19 08:58:43'),
(1198, 30, 145, '0', 0, '2022-03-19 08:58:43'),
(1199, 30, 146, '0', 0, '2022-03-19 08:58:43'),
(1200, 30, 147, '0', 0, '2022-03-19 08:58:43'),
(1201, 31, 104, '0', 0, '2022-03-22 02:45:22'),
(1202, 31, 105, '0', 0, '2022-03-22 02:45:22'),
(1203, 31, 106, '0', 0, '2022-03-22 02:45:22'),
(1204, 31, 108, '0', 0, '2022-03-22 02:45:22'),
(1205, 31, 109, '0', 0, '2022-03-22 02:45:22'),
(1206, 31, 110, '0', 0, '2022-03-22 02:45:22'),
(1207, 31, 111, '0', 0, '2022-03-22 02:45:22'),
(1208, 31, 112, '0', 0, '2022-03-22 02:45:22'),
(1209, 31, 113, '0', 0, '2022-03-22 02:45:22'),
(1210, 31, 115, '0', 0, '2022-03-22 02:45:22'),
(1211, 31, 116, '0', 0, '2022-03-22 02:45:22'),
(1212, 31, 117, '0', 0, '2022-03-22 02:45:22'),
(1213, 31, 118, '0', 0, '2022-03-22 02:45:22'),
(1214, 31, 119, '0', 0, '2022-03-22 02:45:22'),
(1215, 31, 120, '0', 0, '2022-03-22 02:45:22'),
(1216, 31, 121, '0', 0, '2022-03-22 02:45:22'),
(1217, 31, 122, '0', 0, '2022-03-22 02:45:22'),
(1218, 31, 123, '0', 0, '2022-03-22 02:45:22'),
(1219, 31, 124, '0', 0, '2022-03-22 02:45:22'),
(1220, 31, 125, '0', 0, '2022-03-22 02:45:22'),
(1221, 31, 126, '0', 0, '2022-03-22 02:45:23'),
(1222, 31, 127, '0', 0, '2022-03-22 02:45:23'),
(1223, 31, 128, '0', 0, '2022-03-22 02:45:23'),
(1224, 31, 129, '0', 0, '2022-03-22 02:45:23'),
(1225, 31, 130, '0', 0, '2022-03-22 02:45:23'),
(1226, 31, 131, '0', 0, '2022-03-22 02:45:23'),
(1227, 31, 132, '0', 0, '2022-03-22 02:45:23'),
(1228, 31, 133, '0', 0, '2022-03-22 02:45:23'),
(1229, 31, 134, '0', 0, '2022-03-22 02:45:23'),
(1230, 31, 135, '0', 0, '2022-03-22 02:45:23'),
(1231, 31, 136, '0', 0, '2022-03-22 02:45:23'),
(1232, 31, 137, '0', 0, '2022-03-22 02:45:23'),
(1233, 31, 138, '0', 0, '2022-03-22 02:45:23'),
(1234, 31, 141, '0', 0, '2022-03-22 02:45:23'),
(1235, 31, 142, '0', 0, '2022-03-22 02:45:23'),
(1236, 31, 143, '0', 0, '2022-03-22 02:45:23'),
(1237, 31, 144, '0', 0, '2022-03-22 02:45:23'),
(1238, 31, 145, '0', 0, '2022-03-22 02:45:23'),
(1239, 31, 146, '0', 0, '2022-03-22 02:45:23'),
(1240, 31, 147, '0', 0, '2022-03-22 02:45:23'),
(1241, 32, 104, '0', 0, '2022-03-22 02:45:30'),
(1242, 32, 105, '0', 0, '2022-03-22 02:45:30'),
(1243, 32, 106, '0', 0, '2022-03-22 02:45:30'),
(1244, 32, 108, '0', 0, '2022-03-22 02:45:30'),
(1245, 32, 109, '0', 0, '2022-03-22 02:45:30'),
(1246, 32, 110, '0', 0, '2022-03-22 02:45:30'),
(1247, 32, 111, '0', 0, '2022-03-22 02:45:30'),
(1248, 32, 112, '0', 0, '2022-03-22 02:45:30'),
(1249, 32, 113, '0', 0, '2022-03-22 02:45:30'),
(1250, 32, 115, '0', 0, '2022-03-22 02:45:30'),
(1251, 32, 116, '0', 0, '2022-03-22 02:45:30'),
(1252, 32, 117, '0', 0, '2022-03-22 02:45:30'),
(1253, 32, 118, '0', 0, '2022-03-22 02:45:30'),
(1254, 32, 119, '0', 0, '2022-03-22 02:45:30'),
(1255, 32, 120, '0', 0, '2022-03-22 02:45:30'),
(1256, 32, 121, '0', 0, '2022-03-22 02:45:30'),
(1257, 32, 122, '0', 0, '2022-03-22 02:45:30'),
(1258, 32, 123, '0', 0, '2022-03-22 02:45:30'),
(1259, 32, 124, '0', 0, '2022-03-22 02:45:30'),
(1260, 32, 125, '0', 0, '2022-03-22 02:45:30'),
(1261, 32, 126, '0', 0, '2022-03-22 02:45:30'),
(1262, 32, 127, '0', 0, '2022-03-22 02:45:30'),
(1263, 32, 128, '0', 0, '2022-03-22 02:45:30'),
(1264, 32, 129, '0', 0, '2022-03-22 02:45:30'),
(1265, 32, 130, '0', 0, '2022-03-22 02:45:30'),
(1266, 32, 131, '0', 0, '2022-03-22 02:45:30'),
(1267, 32, 132, '0', 0, '2022-03-22 02:45:30'),
(1268, 32, 133, '0', 0, '2022-03-22 02:45:30'),
(1269, 32, 134, '0', 0, '2022-03-22 02:45:30'),
(1270, 32, 135, '0', 0, '2022-03-22 02:45:30'),
(1271, 32, 136, '0', 0, '2022-03-22 02:45:30'),
(1272, 32, 137, '0', 0, '2022-03-22 02:45:30'),
(1273, 32, 138, '0', 0, '2022-03-22 02:45:30'),
(1274, 32, 141, '0', 0, '2022-03-22 02:45:30'),
(1275, 32, 142, '0', 0, '2022-03-22 02:45:30'),
(1276, 32, 143, '0', 0, '2022-03-22 02:45:30'),
(1277, 32, 144, '1', 10, '2022-03-22 02:45:30'),
(1278, 32, 145, '1', 10, '2022-03-22 02:45:30'),
(1279, 32, 146, '1', 10, '2022-03-22 02:45:30'),
(1280, 32, 147, '0', 0, '2022-03-22 02:45:30'),
(1281, 33, 104, '0', 0, '2022-03-22 10:04:01'),
(1282, 33, 105, '0', 0, '2022-03-22 10:04:01'),
(1283, 33, 106, '0', 0, '2022-03-22 10:04:01'),
(1284, 33, 108, '0', 0, '2022-03-22 10:04:01'),
(1285, 33, 109, '0', 0, '2022-03-22 10:04:01'),
(1286, 33, 110, '0', 0, '2022-03-22 10:04:01'),
(1287, 33, 111, '0', 0, '2022-03-22 10:04:01'),
(1288, 33, 112, '0', 0, '2022-03-22 10:04:01'),
(1289, 33, 113, '0', 0, '2022-03-22 10:04:01'),
(1290, 33, 115, '0', 0, '2022-03-22 10:04:01'),
(1291, 33, 116, '0', 0, '2022-03-22 10:04:01'),
(1292, 33, 117, '0', 0, '2022-03-22 10:04:01'),
(1293, 33, 118, '0', 0, '2022-03-22 10:04:01'),
(1294, 33, 119, '0', 0, '2022-03-22 10:04:01'),
(1295, 33, 120, '0', 0, '2022-03-22 10:04:01'),
(1296, 33, 121, '0', 0, '2022-03-22 10:04:01'),
(1297, 33, 122, '0', 0, '2022-03-22 10:04:01'),
(1298, 33, 123, '0', 0, '2022-03-22 10:04:01'),
(1299, 33, 124, '0', 0, '2022-03-22 10:04:01'),
(1300, 33, 125, '0', 0, '2022-03-22 10:04:01'),
(1301, 33, 126, '0', 0, '2022-03-22 10:04:01'),
(1302, 33, 127, '0', 0, '2022-03-22 10:04:01'),
(1303, 33, 128, '0', 0, '2022-03-22 10:04:01'),
(1304, 33, 129, '0', 0, '2022-03-22 10:04:01'),
(1305, 33, 130, '0', 0, '2022-03-22 10:04:01'),
(1306, 33, 131, '0', 0, '2022-03-22 10:04:01'),
(1307, 33, 132, '0', 0, '2022-03-22 10:04:01'),
(1308, 33, 133, '0', 0, '2022-03-22 10:04:01'),
(1309, 33, 134, '0', 0, '2022-03-22 10:04:01'),
(1310, 33, 135, '0', 0, '2022-03-22 10:04:01'),
(1311, 33, 136, '0', 0, '2022-03-22 10:04:01'),
(1312, 33, 137, '0', 0, '2022-03-22 10:04:01'),
(1313, 33, 138, '0', 0, '2022-03-22 10:04:01'),
(1314, 33, 141, '0', 0, '2022-03-22 10:04:01'),
(1315, 33, 142, '0', 0, '2022-03-22 10:04:01'),
(1316, 33, 143, '0', 0, '2022-03-22 10:04:01'),
(1317, 33, 144, '0', 0, '2022-03-22 10:04:01'),
(1318, 33, 145, '0', 0, '2022-03-22 10:04:01'),
(1319, 33, 146, '0', 0, '2022-03-22 10:04:01'),
(1320, 33, 147, '0', 0, '2022-03-22 10:04:01'),
(1321, 34, 104, '1', 10, '2022-03-22 14:37:19'),
(1322, 34, 105, '1', 10, '2022-03-22 14:37:19'),
(1323, 34, 106, '1', 10, '2022-03-22 14:37:19'),
(1324, 34, 108, '1', 10, '2022-03-22 14:37:19'),
(1325, 34, 109, '0', 0, '2022-03-22 14:37:19'),
(1326, 34, 110, '0', 0, '2022-03-22 14:37:19'),
(1327, 34, 111, '0', 0, '2022-03-22 14:37:19'),
(1328, 34, 112, '0', 0, '2022-03-22 14:37:19'),
(1329, 34, 113, '0', 0, '2022-03-22 14:37:19'),
(1330, 34, 115, '0', 0, '2022-03-22 14:37:19'),
(1331, 34, 116, '0', 0, '2022-03-22 14:37:19'),
(1332, 34, 117, '0', 0, '2022-03-22 14:37:19'),
(1333, 34, 118, '0', 0, '2022-03-22 14:37:19'),
(1334, 34, 119, '0', 0, '2022-03-22 14:37:19'),
(1335, 34, 120, '0', 0, '2022-03-22 14:37:19'),
(1336, 34, 121, '0', 0, '2022-03-22 14:37:19'),
(1337, 34, 122, '0', 0, '2022-03-22 14:37:19'),
(1338, 34, 123, '0', 0, '2022-03-22 14:37:19'),
(1339, 34, 124, '0', 0, '2022-03-22 14:37:19'),
(1340, 34, 125, '0', 0, '2022-03-22 14:37:19'),
(1341, 34, 126, '0', 0, '2022-03-22 14:37:19'),
(1342, 34, 127, '0', 0, '2022-03-22 14:37:19'),
(1343, 34, 128, '0', 0, '2022-03-22 14:37:19'),
(1344, 34, 129, '0', 0, '2022-03-22 14:37:19'),
(1345, 34, 130, '0', 0, '2022-03-22 14:37:19'),
(1346, 34, 131, '0', 0, '2022-03-22 14:37:19'),
(1347, 34, 132, '0', 0, '2022-03-22 14:37:19'),
(1348, 34, 133, '0', 0, '2022-03-22 14:37:19'),
(1349, 34, 134, '0', 0, '2022-03-22 14:37:19'),
(1350, 34, 135, '0', 0, '2022-03-22 14:37:19'),
(1351, 34, 136, '0', 0, '2022-03-22 14:37:19'),
(1352, 34, 137, '0', 0, '2022-03-22 14:37:19'),
(1353, 34, 138, '0', 0, '2022-03-22 14:37:19'),
(1354, 34, 141, '0', 0, '2022-03-22 14:37:19'),
(1355, 34, 142, '0', 0, '2022-03-22 14:37:19'),
(1356, 34, 143, '0', 0, '2022-03-22 14:37:19'),
(1357, 34, 144, '0', 0, '2022-03-22 14:37:19'),
(1358, 34, 145, '0', 0, '2022-03-22 14:37:19'),
(1359, 34, 146, '0', 0, '2022-03-22 14:37:19'),
(1360, 34, 147, '0', 0, '2022-03-22 14:37:19'),
(1361, 35, 104, '1', 10, '2022-03-22 15:09:59'),
(1362, 35, 105, '1', 10, '2022-03-22 15:09:59'),
(1363, 35, 106, '1', 10, '2022-03-22 15:09:59'),
(1364, 35, 108, '0', 0, '2022-03-22 15:09:59'),
(1365, 35, 109, '1', 10, '2022-03-22 15:09:59'),
(1366, 35, 110, '0', 0, '2022-03-22 15:09:59'),
(1367, 35, 111, '0', 0, '2022-03-22 15:09:59'),
(1368, 35, 112, '1', 10, '2022-03-22 15:09:59'),
(1369, 35, 113, '1', 10, '2022-03-22 15:09:59'),
(1370, 35, 115, '0', 0, '2022-03-22 15:09:59'),
(1371, 35, 116, '0', 0, '2022-03-22 15:09:59'),
(1372, 35, 117, '0', 0, '2022-03-22 15:09:59'),
(1373, 35, 118, '0', 0, '2022-03-22 15:09:59'),
(1374, 35, 119, '0', 0, '2022-03-22 15:09:59'),
(1375, 35, 120, '0', 0, '2022-03-22 15:09:59'),
(1376, 35, 121, '0', 0, '2022-03-22 15:09:59'),
(1377, 35, 122, '0', 0, '2022-03-22 15:09:59'),
(1378, 35, 123, '0', 0, '2022-03-22 15:09:59'),
(1379, 35, 124, '0', 0, '2022-03-22 15:09:59'),
(1380, 35, 125, '0', 0, '2022-03-22 15:09:59'),
(1381, 35, 126, '0', 0, '2022-03-22 15:09:59'),
(1382, 35, 127, '0', 0, '2022-03-22 15:09:59'),
(1383, 35, 128, '0', 0, '2022-03-22 15:09:59'),
(1384, 35, 129, '0', 0, '2022-03-22 15:09:59'),
(1385, 35, 130, '0', 0, '2022-03-22 15:09:59'),
(1386, 35, 131, '0', 0, '2022-03-22 15:09:59'),
(1387, 35, 132, '0', 0, '2022-03-22 15:09:59'),
(1388, 35, 133, '0', 0, '2022-03-22 15:09:59'),
(1389, 35, 134, '0', 0, '2022-03-22 15:09:59'),
(1390, 35, 135, '0', 0, '2022-03-22 15:09:59'),
(1391, 35, 136, '0', 0, '2022-03-22 15:09:59'),
(1392, 35, 137, '0', 0, '2022-03-22 15:09:59'),
(1393, 35, 138, '0', 0, '2022-03-22 15:09:59'),
(1394, 35, 141, '0', 0, '2022-03-22 15:09:59'),
(1395, 35, 142, '0', 0, '2022-03-22 15:09:59'),
(1396, 35, 143, '0', 0, '2022-03-22 15:09:59'),
(1397, 35, 144, '0', 0, '2022-03-22 15:09:59'),
(1398, 35, 145, '1', 10, '2022-03-22 15:09:59'),
(1399, 35, 146, '1', 10, '2022-03-22 15:09:59'),
(1400, 35, 147, '0', 0, '2022-03-22 15:09:59'),
(1401, 36, 104, '1', 10, '2022-03-22 15:13:45'),
(1402, 36, 105, '1', 10, '2022-03-22 15:13:45'),
(1403, 36, 106, '1', 10, '2022-03-22 15:13:45'),
(1404, 36, 108, '1', 10, '2022-03-22 15:13:45'),
(1405, 36, 109, '1', 10, '2022-03-22 15:13:45'),
(1406, 36, 110, '1', 10, '2022-03-22 15:13:45'),
(1407, 36, 111, '1', 10, '2022-03-22 15:13:45'),
(1408, 36, 112, '0', 0, '2022-03-22 15:13:45'),
(1409, 36, 113, '0', 0, '2022-03-22 15:13:45'),
(1410, 36, 115, '0', 0, '2022-03-22 15:13:45'),
(1411, 36, 116, '0', 0, '2022-03-22 15:13:45'),
(1412, 36, 117, '0', 0, '2022-03-22 15:13:45'),
(1413, 36, 118, '0', 0, '2022-03-22 15:13:45'),
(1414, 36, 119, '0', 0, '2022-03-22 15:13:45'),
(1415, 36, 120, '0', 0, '2022-03-22 15:13:45'),
(1416, 36, 121, '0', 0, '2022-03-22 15:13:45'),
(1417, 36, 122, '0', 0, '2022-03-22 15:13:45'),
(1418, 36, 123, '0', 0, '2022-03-22 15:13:45'),
(1419, 36, 124, '0', 0, '2022-03-22 15:13:45'),
(1420, 36, 125, '0', 0, '2022-03-22 15:13:45'),
(1421, 36, 126, '0', 0, '2022-03-22 15:13:45'),
(1422, 36, 127, '0', 0, '2022-03-22 15:13:45'),
(1423, 36, 128, '0', 0, '2022-03-22 15:13:45'),
(1424, 36, 129, '0', 0, '2022-03-22 15:13:45'),
(1425, 36, 130, '0', 0, '2022-03-22 15:13:45'),
(1426, 36, 131, '0', 0, '2022-03-22 15:13:45'),
(1427, 36, 132, '0', 0, '2022-03-22 15:13:45'),
(1428, 36, 133, '0', 0, '2022-03-22 15:13:45'),
(1429, 36, 134, '0', 0, '2022-03-22 15:13:45'),
(1430, 36, 135, '0', 0, '2022-03-22 15:13:45'),
(1431, 36, 136, '0', 0, '2022-03-22 15:13:45'),
(1432, 36, 137, '0', 0, '2022-03-22 15:13:45'),
(1433, 36, 138, '0', 0, '2022-03-22 15:13:45'),
(1434, 36, 141, '0', 0, '2022-03-22 15:13:45'),
(1435, 36, 142, '0', 0, '2022-03-22 15:13:45'),
(1436, 36, 143, '0', 0, '2022-03-22 15:13:45'),
(1437, 36, 144, '0', 0, '2022-03-22 15:13:45'),
(1438, 36, 145, '0', 0, '2022-03-22 15:13:45'),
(1439, 36, 146, '0', 0, '2022-03-22 15:13:45'),
(1440, 36, 147, '0', 0, '2022-03-22 15:13:45'),
(1441, 37, 104, '1', 10, '2022-04-09 07:18:18'),
(1442, 37, 105, '1', 10, '2022-04-09 07:18:18'),
(1443, 37, 106, '1', 10, '2022-04-09 07:18:18'),
(1444, 37, 108, '1', 10, '2022-04-09 07:18:18'),
(1445, 37, 109, '1', 10, '2022-04-09 07:18:18'),
(1446, 37, 110, '0', 0, '2022-04-09 07:18:18'),
(1447, 37, 111, '0', 0, '2022-04-09 07:18:18'),
(1448, 37, 112, '0', 0, '2022-04-09 07:18:18'),
(1449, 37, 113, '0', 0, '2022-04-09 07:18:18'),
(1450, 37, 115, '0', 0, '2022-04-09 07:18:18'),
(1451, 37, 116, '0', 0, '2022-04-09 07:18:18'),
(1452, 37, 117, '0', 0, '2022-04-09 07:18:18'),
(1453, 37, 118, '0', 0, '2022-04-09 07:18:18'),
(1454, 37, 119, '0', 0, '2022-04-09 07:18:18'),
(1455, 37, 120, '0', 0, '2022-04-09 07:18:18'),
(1456, 37, 121, '0', 0, '2022-04-09 07:18:18'),
(1457, 37, 122, '0', 0, '2022-04-09 07:18:18'),
(1458, 37, 123, '0', 0, '2022-04-09 07:18:18'),
(1459, 37, 124, '0', 0, '2022-04-09 07:18:18'),
(1460, 37, 125, '0', 0, '2022-04-09 07:18:18'),
(1461, 37, 126, '0', 0, '2022-04-09 07:18:18'),
(1462, 37, 127, '0', 0, '2022-04-09 07:18:18'),
(1463, 37, 128, '0', 0, '2022-04-09 07:18:18'),
(1464, 37, 129, '0', 0, '2022-04-09 07:18:18'),
(1465, 37, 130, '0', 0, '2022-04-09 07:18:18'),
(1466, 37, 131, '0', 0, '2022-04-09 07:18:18'),
(1467, 37, 132, '0', 0, '2022-04-09 07:18:18'),
(1468, 37, 133, '0', 0, '2022-04-09 07:18:18'),
(1469, 37, 134, '0', 0, '2022-04-09 07:18:18'),
(1470, 37, 135, '0', 0, '2022-04-09 07:18:18'),
(1471, 37, 136, '0', 0, '2022-04-09 07:18:18'),
(1472, 37, 137, '0', 0, '2022-04-09 07:18:18'),
(1473, 37, 138, '0', 0, '2022-04-09 07:18:18'),
(1474, 37, 141, '0', 0, '2022-04-09 07:18:18'),
(1475, 37, 142, '0', 0, '2022-04-09 07:18:18'),
(1476, 37, 143, '0', 0, '2022-04-09 07:18:18'),
(1477, 37, 144, '0', 0, '2022-04-09 07:18:18'),
(1478, 37, 145, '0', 0, '2022-04-09 07:18:18'),
(1479, 37, 146, '0', 0, '2022-04-09 07:18:18'),
(1480, 37, 147, '0', 0, '2022-04-09 07:18:18'),
(1481, 38, 104, '1', 10, '2022-04-09 07:18:26'),
(1482, 38, 105, '1', 10, '2022-04-09 07:18:26'),
(1483, 38, 106, '1', 10, '2022-04-09 07:18:26'),
(1484, 38, 108, '1', 10, '2022-04-09 07:18:26'),
(1485, 38, 109, '1', 10, '2022-04-09 07:18:26'),
(1486, 38, 110, '0', 0, '2022-04-09 07:18:26'),
(1487, 38, 111, '0', 0, '2022-04-09 07:18:26'),
(1488, 38, 112, '0', 0, '2022-04-09 07:18:26'),
(1489, 38, 113, '0', 0, '2022-04-09 07:18:26'),
(1490, 38, 115, '0', 0, '2022-04-09 07:18:26'),
(1491, 38, 116, '0', 0, '2022-04-09 07:18:26'),
(1492, 38, 117, '0', 0, '2022-04-09 07:18:26'),
(1493, 38, 118, '0', 0, '2022-04-09 07:18:26'),
(1494, 38, 119, '0', 0, '2022-04-09 07:18:26'),
(1495, 38, 120, '0', 0, '2022-04-09 07:18:26'),
(1496, 38, 121, '0', 0, '2022-04-09 07:18:26'),
(1497, 38, 122, '0', 0, '2022-04-09 07:18:26'),
(1498, 38, 123, '0', 0, '2022-04-09 07:18:26'),
(1499, 38, 124, '0', 0, '2022-04-09 07:18:26'),
(1500, 38, 125, '0', 0, '2022-04-09 07:18:26'),
(1501, 38, 126, '0', 0, '2022-04-09 07:18:26'),
(1502, 38, 127, '0', 0, '2022-04-09 07:18:26'),
(1503, 38, 128, '0', 0, '2022-04-09 07:18:26'),
(1504, 38, 129, '0', 0, '2022-04-09 07:18:26'),
(1505, 38, 130, '0', 0, '2022-04-09 07:18:26'),
(1506, 38, 131, '0', 0, '2022-04-09 07:18:26'),
(1507, 38, 132, '0', 0, '2022-04-09 07:18:26'),
(1508, 38, 133, '0', 0, '2022-04-09 07:18:26'),
(1509, 38, 134, '0', 0, '2022-04-09 07:18:26'),
(1510, 38, 135, '0', 0, '2022-04-09 07:18:26'),
(1511, 38, 136, '0', 0, '2022-04-09 07:18:26'),
(1512, 38, 137, '0', 0, '2022-04-09 07:18:26'),
(1513, 38, 138, '0', 0, '2022-04-09 07:18:26'),
(1514, 38, 141, '0', 0, '2022-04-09 07:18:26'),
(1515, 38, 142, '0', 0, '2022-04-09 07:18:26'),
(1516, 38, 143, '0', 0, '2022-04-09 07:18:26'),
(1517, 38, 144, '0', 0, '2022-04-09 07:18:26'),
(1518, 38, 145, '0', 0, '2022-04-09 07:18:26'),
(1519, 38, 146, '0', 0, '2022-04-09 07:18:26'),
(1520, 38, 147, '0', 0, '2022-04-09 07:18:26'),
(1521, 39, 104, '1', 10, '2022-04-09 14:18:48'),
(1522, 39, 105, '1', 10, '2022-04-09 14:18:48'),
(1523, 39, 106, '1', 10, '2022-04-09 14:18:48'),
(1524, 39, 108, '1', 10, '2022-04-09 14:18:48'),
(1525, 39, 109, '1', 10, '2022-04-09 14:18:48'),
(1526, 39, 110, '1', 10, '2022-04-09 14:18:48'),
(1527, 40, 104, '1', 10, '2022-04-09 14:40:39'),
(1528, 40, 105, '1', 10, '2022-04-09 14:40:39'),
(1529, 40, 106, '1', 10, '2022-04-09 14:40:39'),
(1530, 40, 108, '1', 10, '2022-04-09 14:40:39'),
(1531, 40, 109, '1', 10, '2022-04-09 14:40:39'),
(1532, 40, 110, '1', 10, '2022-04-09 14:40:39'),
(1533, 40, 111, '1', 10, '2022-04-09 14:40:39');

-- --------------------------------------------------------

--
-- Table structure for table `gejala`
--

CREATE TABLE `gejala` (
  `id_gejala` int(11) NOT NULL,
  `kode_gejala` varchar(20) NOT NULL,
  `nama` varchar(100) NOT NULL,
  `nilai` int(11) NOT NULL,
  `created_at` timestamp NOT NULL DEFAULT current_timestamp()
) ENGINE=InnoDB DEFAULT CHARSET=latin1;

--
-- Dumping data for table `gejala`
--

INSERT INTO `gejala` (`id_gejala`, `kode_gejala`, `nama`, `nilai`, `created_at`) VALUES
(104, 'G001', 'Bau mulut', 10, '2020-07-10 00:35:27'),
(105, 'G002', 'Gusi bengkak, merah dan berdarah', 10, '2020-07-10 00:35:45'),
(106, 'G003', 'Gingival berkaratin, gaung luka diantara gigi', 10, '2020-07-10 00:36:04'),
(108, 'G004', 'Pembesaran limfoid di kepala, leher, atau rahang', 10, '2020-07-10 00:36:52'),
(109, 'G005', 'Demam', 10, '2020-07-10 00:37:04'),
(110, 'G006', 'Nyeri gusi', 10, '2020-07-10 00:37:17'),
(111, 'G007', 'Sakit gigi', 10, '2020-07-10 00:37:36'),
(112, 'G008', 'Nyeri ringan hingga tajam saat mengonsumsi makanan', 10, '2020-07-10 00:38:00'),
(113, 'G009', 'Noda berwarna cokelat, hitam atau putih pada permu', 10, '2020-07-10 00:38:22'),
(115, 'G010', 'Nyeri saat menggigit makanan', 10, '2020-07-14 13:29:26'),
(116, 'G011', 'Gusi berdarah dan kemerahan', 10, '2020-07-14 13:30:19'),
(117, 'G012', 'Gusi membengkak dan atau bernanah', 10, '2020-07-14 13:30:31'),
(118, 'G013', 'Gusi melorot atau gigi tampak menjadi panjang', 10, '2020-07-14 13:30:54'),
(119, 'G014', 'Gigi goyang dan sensitive', 10, '2020-07-14 13:31:29'),
(120, 'G015', 'Gigi menjadi meregang (timbul celah-celah diantara gigi)', 10, '2020-07-14 15:18:41'),
(121, 'G016', 'Gigi menjadi linu padahal tidak ada yang berlubang', 10, '2020-07-14 15:19:03'),
(122, 'G017', 'Hilangnya nafsu makan', 10, '2020-07-14 15:19:46'),
(123, 'G018', 'Terdapat luka yang cukup besar dimulut', 10, '2020-07-14 15:20:00'),
(124, 'G019', 'Luka biasanya terjadi beberapa kali pada area yang sama', 10, '2020-07-14 15:20:35'),
(125, 'G020', 'Luka menyebar ke bagian luar bibir', 10, '2020-07-14 15:20:49'),
(126, 'G021', 'Tidak dapat makan dan minum', 10, '2020-07-14 15:21:01'),
(127, 'G022', 'Rasa pahit dimulut', 10, '2020-07-14 15:21:34'),
(128, 'G023', 'Gelisah', 10, '2020-07-14 15:21:51'),
(129, 'G024', 'Kelelahan', 10, '2020-07-14 15:22:11'),
(130, 'G025', 'Gusi mudah berdarah', 10, '2020-07-14 15:22:20'),
(131, 'G026', 'Terdapat kantung nanah yang seperti benjolan dengan warna kuning', 10, '2020-07-14 15:22:36'),
(132, 'G027', 'Kelenjer getah bening di bawah rahang membengkak', 10, '2020-07-14 15:22:54'),
(133, 'G028', 'Mengunyah dan menelan makanan menyebabkan rasa nyeri', 10, '2020-07-14 15:23:18'),
(134, 'G029', 'Pecah-pecah dan kemerahan pada sudut mulut', 10, '2020-07-14 15:23:47'),
(135, 'G030', 'Muncul bintik-bintik kuning, putih atau krem di dalam mulut', 10, '2020-07-14 15:24:10'),
(136, 'G031', 'Sedikit pendarahan apabila lesi tergores', 10, '2020-07-14 15:24:29'),
(137, 'G032', 'Lesi menyerupai keju', 10, '2020-07-14 15:24:48'),
(138, 'G033', 'Di dalam mulut seperti kapas', 10, '2020-07-14 15:25:03'),
(141, 'G034', 'Kehilangan selera makan', 10, '2021-12-21 17:45:11'),
(142, 'G035', 'Mengunyah dan menelan makanan menyebabkan rasa nyeri', 10, '2021-12-21 17:45:30'),
(143, 'G036', 'Ujung-ujung gusi yang terletak diantara dua gigi mengalami pengikisan', 10, '2021-12-21 17:45:38'),
(144, 'G037', 'Rasa sakit dan tidak nyaman pada mulut saat makan makanan manis atau asam', 10, '2021-12-21 17:45:46'),
(145, 'G038', 'Rasa tidak nyaman pada saat cuaca dingin', 10, '2021-12-21 17:45:55'),
(146, 'G039', 'Sakit pada saat menyikat gigi', 10, '2021-12-21 17:46:07'),
(147, 'G040', 'Gusi menurun', 10, '2021-12-21 17:46:15');

-- --------------------------------------------------------

--
-- Table structure for table `level`
--

CREATE TABLE `level` (
  `lev_id` int(11) NOT NULL,
  `lev_nama` varchar(50) NOT NULL,
  `lev_keterangan` text NOT NULL,
  `lev_status` varchar(50) NOT NULL,
  `created_at` timestamp NOT NULL DEFAULT current_timestamp()
) ENGINE=InnoDB DEFAULT CHARSET=latin1;

--
-- Dumping data for table `level`
--

INSERT INTO `level` (`lev_id`, `lev_nama`, `lev_keterangan`, `lev_status`, `created_at`) VALUES
(2, 'Admin', '-', 'Aktif', '2020-06-18 09:40:31'),
(4, 'Dokter', '-', 'Aktif', '2020-06-18 10:20:10'),
(5, 'Pengguna', '-', 'Aktif', '2020-06-18 10:20:41');

-- --------------------------------------------------------

--
-- Table structure for table `menu`
--

CREATE TABLE `menu` (
  `menu_id` int(11) NOT NULL,
  `menu_menu_id` int(11) NOT NULL,
  `menu_nama` varchar(50) NOT NULL,
  `menu_keterangan` text NOT NULL,
  `menu_index` int(11) NOT NULL,
  `menu_icon` varchar(50) NOT NULL,
  `menu_url` varchar(100) NOT NULL,
  `menu_status` varchar(50) NOT NULL,
  `created_at` timestamp NOT NULL DEFAULT current_timestamp()
) ENGINE=InnoDB DEFAULT CHARSET=latin1;

--
-- Dumping data for table `menu`
--

INSERT INTO `menu` (`menu_id`, `menu_menu_id`, `menu_nama`, `menu_keterangan`, `menu_index`, `menu_icon`, `menu_url`, `menu_status`, `created_at`) VALUES
(1, 0, 'Dashboard', '-', 1, 'fa fa-suitcase', 'dashboard', 'Aktif', '2020-06-18 09:40:07'),
(2, 0, 'Pengaturan', '-', 10, 'fa fa-cogs', '#', 'Aktif', '2020-06-18 09:40:07'),
(3, 2, 'Hak Akses', '-', 1, 'fa fa-caret-right', 'pengaturan/hakAkses', 'Aktif', '2020-06-18 09:40:07'),
(4, 2, 'Menu', '-', 2, 'fa fa-caret-right', 'pengaturan/menu', 'Aktif', '2020-06-18 09:40:07'),
(5, 2, 'Level', '-', 3, 'fa fa-caret-right', 'pengaturan/level', 'Aktif', '2020-06-18 09:40:07'),
(6, 2, 'Pengguna', '-', 4, 'fa fa-caret-right', 'pengaturan/pengguna', 'Aktif', '2020-06-18 09:40:07'),
(15, 0, 'Home', '-', 1, 'fa fa-home', 'home', 'Aktif', '2020-06-18 10:24:18'),
(16, 0, 'Gejala', '-', 3, 'fa fa-bug', 'gejala/data', 'Aktif', '2020-06-18 10:51:01'),
(17, 0, 'Penyakit', '-', 2, 'fa fa-ambulance', 'penyakit/data', 'Aktif', '2020-06-27 12:18:53'),
(18, 0, 'Saran', '-', 4, 'fa fa-lightbulb-o', 'saran/data', 'Aktif', '2020-06-27 13:12:26'),
(19, 0, 'Diagnosa', '-', 2, 'fa fa-medkit', 'diagnosa/data', 'Aktif', '2020-06-27 14:03:29'),
(24, 0, 'Basis Pengetahuan', '-', 6, 'fa fa-book', 'pengetahuan/data', 'Aktif', '2020-07-13 08:24:16'),
(25, 0, 'Laporan', '-', 7, 'fa fa-pencil', '#', 'Aktif', '2020-07-15 05:23:26'),
(26, 25, 'Laporan Pasien', '-', 7, 'fa fa-caret', 'laporan/pasien', 'Aktif', '2020-07-15 07:52:49');

-- --------------------------------------------------------

--
-- Table structure for table `pembayaran`
--

CREATE TABLE `pembayaran` (
  `id_pembayaran` int(11) NOT NULL,
  `tanggal` date DEFAULT NULL,
  `user_id` int(11) DEFAULT NULL,
  `id_program` int(11) DEFAULT NULL,
  `nama` varchar(250) DEFAULT NULL,
  `gambar` varchar(250) DEFAULT NULL,
  `tujuan_pembayaran` varchar(100) NOT NULL,
  `status` varchar(15) DEFAULT NULL,
  `tanggal_diterima` date DEFAULT NULL
) ENGINE=InnoDB DEFAULT CHARSET=utf8mb4;

-- --------------------------------------------------------

--
-- Table structure for table `penyakit`
--

CREATE TABLE `penyakit` (
  `id_penyakit` int(11) NOT NULL,
  `kode_penyakit` varchar(20) NOT NULL,
  `nama` varchar(100) NOT NULL,
  `min_persentase` int(11) NOT NULL,
  `max_persentase` int(11) NOT NULL,
  `derajat_kepercayaan` int(11) NOT NULL DEFAULT 0,
  `created_at` timestamp NOT NULL DEFAULT current_timestamp()
) ENGINE=InnoDB DEFAULT CHARSET=latin1;

--
-- Dumping data for table `penyakit`
--

INSERT INTO `penyakit` (`id_penyakit`, `kode_penyakit`, `nama`, `min_persentase`, `max_persentase`, `derajat_kepercayaan`, `created_at`) VALUES
(18, 'P01', 'Gingivitis (Radang Gusi)', 40, 60, 90, '2020-07-10 00:26:42'),
(19, 'P02', 'Karies Gigi (Gigi Berlubang)', 30, 40, 0, '2020-07-10 00:26:59'),
(20, 'P03', 'Karang Gigi', 50, 70, 0, '2020-07-10 00:27:21'),
(21, 'P04', 'Stomatitis', 30, 50, 0, '2020-07-10 00:27:38'),
(23, 'P05', 'Candidas Oral', 40, 60, 0, '2020-07-10 00:28:28'),
(24, 'P06', 'Trench Mouth (Infeksi Gigi)', 70, 90, 0, '2020-07-10 00:28:39'),
(25, 'P07', 'Gigi Sensitif', 30, 40, 0, '2020-07-10 00:28:51');

-- --------------------------------------------------------

--
-- Table structure for table `program`
--

CREATE TABLE `program` (
  `id_program` int(11) NOT NULL,
  `judul` varchar(100) NOT NULL,
  `keterangan` varchar(250) NOT NULL,
  `harga` int(11) NOT NULL,
  `masa_berlaku` varchar(10) NOT NULL
) ENGINE=InnoDB DEFAULT CHARSET=utf8mb4;

--
-- Dumping data for table `program`
--

INSERT INTO `program` (`id_program`, `judul`, `keterangan`, `harga`, `masa_berlaku`) VALUES
(16, 'Paket 10 Menit', 'Paket Fast Talk\n', 10000, '1'),
(17, 'Paket 20 Menit', 'Paket Prime', 20000, '1'),
(19, 'Paket 15 Menit', 'Paket Discuss', 15000, '1');

-- --------------------------------------------------------

--
-- Table structure for table `role_aplikasi`
--

CREATE TABLE `role_aplikasi` (
  `rola_id` int(11) NOT NULL,
  `rola_menu_id` int(11) NOT NULL,
  `rola_lev_id` int(11) NOT NULL,
  `created_at` timestamp NOT NULL DEFAULT current_timestamp()
) ENGINE=InnoDB DEFAULT CHARSET=latin1;

--
-- Dumping data for table `role_aplikasi`
--

INSERT INTO `role_aplikasi` (`rola_id`, `rola_menu_id`, `rola_lev_id`, `created_at`) VALUES
(2, 1, 2, '2020-06-18 09:39:47'),
(6, 5, 2, '2020-06-18 09:39:47'),
(7, 6, 2, '2020-06-18 09:39:47'),
(8, 2, 2, '2020-06-18 09:39:47'),
(17, 15, 5, '2020-06-18 10:24:29'),
(19, 16, 2, '2020-06-18 10:51:14'),
(20, 17, 2, '2020-06-27 12:19:01'),
(21, 18, 2, '2020-06-27 13:12:37'),
(22, 18, 4, '2020-06-27 13:40:59'),
(23, 1, 4, '2020-06-27 14:00:38'),
(24, 19, 5, '2020-06-27 14:03:43'),
(25, 20, 4, '2020-06-27 16:04:16'),
(26, 20, 5, '2020-06-27 16:04:21'),
(27, 21, 2, '2020-07-07 00:55:36'),
(28, 23, 2, '2020-07-07 06:56:39'),
(29, 24, 2, '2020-07-13 08:27:52'),
(30, 25, 2, '2020-07-15 05:30:16'),
(31, 26, 2, '2020-07-15 07:54:21'),
(32, 27, 2, '2020-07-15 07:54:34');

-- --------------------------------------------------------

--
-- Table structure for table `role_users`
--

CREATE TABLE `role_users` (
  `role_id` int(11) NOT NULL,
  `role_user_id` int(11) NOT NULL,
  `role_lev_id` int(11) NOT NULL,
  `created_at` timestamp NOT NULL DEFAULT current_timestamp()
) ENGINE=InnoDB DEFAULT CHARSET=latin1;

--
-- Dumping data for table `role_users`
--

INSERT INTO `role_users` (`role_id`, `role_user_id`, `role_lev_id`, `created_at`) VALUES
(1, 1, 2, '2020-06-18 09:39:26'),
(4, 4, 5, '2020-06-18 10:47:23'),
(5, 5, 4, '2020-06-27 13:42:05'),
(6, 6, 5, '2020-07-07 04:23:44'),
(7, 7, 5, '2020-07-07 16:19:16'),
(8, 8, 5, '2020-07-07 16:21:38'),
(9, 9, 5, '2020-07-07 16:22:29'),
(10, 10, 5, '2020-07-07 16:23:16'),
(11, 11, 5, '2020-07-07 16:24:19'),
(12, 12, 5, '2020-07-07 17:13:11'),
(13, 13, 5, '2020-07-07 21:22:57'),
(14, 14, 5, '2020-07-08 01:15:40'),
(16, 16, 4, '2020-07-11 15:59:52'),
(17, 17, 5, '2020-07-15 15:21:43'),
(18, 18, 5, '2020-07-15 21:37:14'),
(19, 17, 5, '2020-07-28 15:13:34'),
(20, 18, 5, '2020-07-28 15:17:45'),
(21, 19, 5, '2020-07-28 15:18:18'),
(23, 21, 5, '2020-07-28 15:55:09'),
(24, 22, 5, '2020-07-28 15:58:51'),
(25, 23, 5, '2020-07-29 04:21:34'),
(26, 24, 5, '2020-07-29 04:25:43'),
(27, 25, 5, '2020-08-02 08:44:09'),
(28, 26, 5, '2020-08-02 08:44:09'),
(29, 27, 5, '2020-08-02 08:44:09'),
(30, 28, 5, '2020-08-02 08:44:13'),
(31, 29, 5, '2020-08-02 08:45:29'),
(32, 30, 5, '2020-08-03 05:45:17'),
(33, 31, 5, '2020-08-03 18:41:17'),
(34, 32, 5, '2020-08-04 03:58:31'),
(35, 33, 5, '2020-08-04 04:00:42'),
(36, 34, 5, '2020-08-06 11:40:28'),
(37, 35, 5, '2020-08-07 13:11:41'),
(38, 36, 5, '2020-08-07 13:11:41'),
(39, 37, 5, '2020-08-07 13:11:41'),
(40, 38, 5, '2020-08-07 13:14:33'),
(41, 39, 5, '2020-08-07 13:15:40'),
(42, 40, 5, '2020-08-07 13:16:58'),
(43, 41, 5, '2020-08-08 02:08:27'),
(44, 42, 5, '2020-08-13 15:46:12'),
(45, 43, 5, '2020-08-13 16:04:13'),
(46, 44, 5, '2020-08-13 16:53:09'),
(47, 45, 5, '2020-08-13 16:54:15'),
(48, 46, 5, '2020-08-13 18:59:08'),
(49, 47, 5, '2020-08-13 20:09:19'),
(50, 48, 5, '2020-08-13 20:32:59'),
(51, 49, 5, '2022-01-06 15:35:06'),
(52, 50, 5, '2022-01-07 05:51:52'),
(53, 51, 5, '2022-01-07 05:51:57'),
(54, 52, 5, '2022-01-07 06:11:41'),
(55, 53, 5, '2022-01-07 07:38:09'),
(56, 54, 5, '2022-01-07 07:40:26'),
(57, 55, 5, '2022-01-07 07:41:40'),
(58, 56, 5, '2022-01-07 08:42:39'),
(59, 57, 5, '2022-01-07 08:46:42'),
(60, 58, 5, '2022-01-07 10:55:14'),
(62, 60, 5, '2022-01-25 15:03:02'),
(63, 61, 5, '2022-01-28 00:15:38'),
(64, 62, 5, '2022-01-28 00:54:52'),
(65, 63, 5, '2022-01-28 00:59:54'),
(66, 64, 5, '2022-01-28 01:00:47'),
(67, 65, 5, '2022-03-13 18:05:01'),
(68, 66, 5, '2022-03-18 07:21:03'),
(69, 67, 5, '2022-04-08 18:31:49');

-- --------------------------------------------------------

--
-- Table structure for table `saran`
--

CREATE TABLE `saran` (
  `id_saran` int(11) NOT NULL,
  `id_penyakit` int(11) NOT NULL,
  `id_user` int(11) NOT NULL,
  `judul` varchar(50) NOT NULL,
  `keterangan` text NOT NULL,
  `created_at` timestamp NOT NULL DEFAULT current_timestamp()
) ENGINE=InnoDB DEFAULT CHARSET=latin1;

--
-- Dumping data for table `saran`
--

INSERT INTO `saran` (`id_saran`, `id_penyakit`, `id_user`, `judul`, `keterangan`, `created_at`) VALUES
(2, 18, 1, 'Saran', 'Bersihkan gigi dengan cara menyikatnya minimal dua kali sehari. Bersihkan gigi setelah sarapan dan sebelum tidur. Tidak ada salahnya jika kamu membersihkan gigi setiap habis mengonsumsi makanan.', '2020-07-14 01:52:53'),
(3, 19, 1, 'Saran', 'Hindari obat kumur yang mengandung alkohol karena dapat menyebabkan mulut kering. Pastikan pula bahwa produk obat kumur yang Anda gunakan telah terdaftar di Badan POM agar menjamin keamanannya.', '2020-07-15 01:58:34'),
(4, 20, 1, 'Saran', 'Menyikat gigi teratur sebanyak dua kali sehari selama 2 menit. Jika Anda hanya menyikat gigi selama 30 detik saja atau satu menit, tidak akan membuat karang hilang dari gigi Anda. gunakan sikat yang lembut dan cukup kecil agar bisa masuk ke sela-sela gigi. Pastikan ketika menyikat gigi, Anda menjangkau semua bagian gigi.', '2020-07-15 02:07:54'),
(5, 21, 1, 'Saran', 'Gosok gigi Anda, bersihkan dengan benang gigi (dental floss), dan bersihkan lidah sesudah makan. Gunakanlah pula sikat gigi yang halus.', '2020-07-15 02:24:42'),
(7, 23, 1, 'Saran', 'Hindari kegiatan merokok dan konsumsi alkohol,lakukan olahraga secara teratur,hindari polusi udara dan gunakan masker apabila melakuakn aktivitas diluar serta lakukan vaksinasi dengan dokter secara berkala ', '2020-07-15 02:46:01'),
(8, 24, 1, 'Saran', 'Menjaga kebersihan mulut dengan baik. Sikat gigi dan gunakan benang gigi setidaknya 2 kali sehari atau sesuai rekomendasi dokter gigi. Lakukan pembersihan gigi secara profesional. Obat kumur antiseptik juga dapat membantu. Beberapa penelitian menunjukkan bahwa sikat gigi elektrik lebih efektif daripada sikat gigi biasa.', '2020-07-15 02:58:32'),
(9, 25, 1, 'Saran', 'Hindari segera menyikat gigi setelah makan makanan asam. Langsung menyikat gigi setelah mengonsumsi makanan dan minuman asam dapat mengikis enamel gigi.', '2020-07-15 03:03:13'),
(10, 26, 5, 'Saran', 'Segeralah menghubungi dokter apabila anda mengalami gejala tersebut supaya dapat segera dilakukan pemeriksaan secara langsung agar tidak menjadi lebih parah karena penyakit ini merupakan golongan penyakit yang cukup serius ', '2020-07-15 03:08:37'),
(11, 27, 5, 'Saran', 'Segeralah menghubungi dokter untuk mendapatkan pemeriksaan secara langsung,apabila sudah dilakukan penanganan maka ikuti dan konsumsilah obat secara teratur dan disiplin serta konsultasikan dan lakukan pemeriksaan secara berkala terutama ketika obat sudah habis.Selain itu rajinlah olahraga ringan terutama di pagi hari dan konsumsi makanan sehat bergizi tinggi dan hindari polusi dengan penggunaan masker.', '2020-07-15 03:24:18');

-- --------------------------------------------------------

--
-- Table structure for table `users`
--

CREATE TABLE `users` (
  `user_id` int(11) NOT NULL,
  `user_nama` varchar(50) NOT NULL,
  `user_password` varchar(100) NOT NULL,
  `user_email` varchar(50) NOT NULL,
  `user_phone` varchar(15) NOT NULL,
  `user_status` varchar(50) NOT NULL,
  `created_at` timestamp NOT NULL DEFAULT current_timestamp()
) ENGINE=InnoDB DEFAULT CHARSET=latin1;

--
-- Dumping data for table `users`
--

INSERT INTO `users` (`user_id`, `user_nama`, `user_password`, `user_email`, `user_phone`, `user_status`, `created_at`) VALUES
(1, 'Administrator', 'utqQiS/p4vWKh3E81QVNBONFqJt14hRtvAx446gYROkV8.8kh11eS', 'administrator@gmail.com', '08123123', 'Aktif', '2020-06-18 09:39:08'),
(5, 'Dokter 1', 'IxxXBD2uRR5n3Oxfhis2F..QuIz6RspxHVtdwDxkYK3XHUKGBCbPK', 'dokter@gmail.com', '08123123', 'Aktif', '2020-06-27 13:42:05'),
(12, 'pasien1', 'utqQiS/p4vWKh3E81QVNBONFqJt14hRtvAx446gYROkV8.8kh11eS', 'pasien@gmail.com', '08212323442', 'Aktif', '2020-07-07 17:13:11'),
(16, 'Dokter 2', 'yP8hrkxlDTAi5CwPIMNyAOAymRe9aswlmv04DqSGmSmX9X3dSkSsC', 'dokter2@gmail.com', '0837236223', 'Aktif', '2020-07-11 15:59:52'),
(17, 'Aji', 'utqQiS/p4vWKh3E81QVNBONFqJt14hRtvAx446gYROkV8.8kh11eS', 'aji@gmail.com', '088131312', 'Aktif', '2020-07-28 15:13:34'),
(21, 'lham', '7BPnrm1kQCZEGbvEOuBo1upZGHwHuJs2s5puTHDlj7dQ9rZwLtXUa', 'ilham@gmail.com', '082128815882', 'Aktif', '2020-07-28 15:55:09'),
(22, 'Insan A', 'CE3e3fgBXDG1waEstthbbuSEo0xj9SQeBGK44o/0knScGYRovcILW', 'insan.agnia@gmail.com', '085482033', 'Aktif', '2020-07-28 15:58:51'),
(23, 'test', 'CE3e3fgBXDG1waEstthbbuSEo0xj9SQeBGK44o/0knScGYRovcILW', 'test@gmail.com', '081113331', 'Aktif', '2020-07-29 04:21:34'),
(24, 'test1', 'e716a8XOFDKJ8JdaO2KQWO8WWR4pv./sw0uOxrr5EM1PVJKvqlQFK', 'teteeww', '2312312', 'Aktif', '2020-07-29 04:25:43'),
(25, 'eksa', 'zluR/.VNdq5NDTdRcoOBCOOUbaxctoUs.kUFHytpuGUY7eWQSjE92', 'eksa@gmail.com', '082121792912', 'Aktif', '2020-08-02 08:44:09'),
(26, 'eksa', 'BXaSQiDTlzmssm6.rTRg5eDX9MLStLaaVVcDH8VDUYJ1qwho8YuaO', 'eksa@gmail.com', '082121792912', 'Aktif', '2020-08-02 08:44:09'),
(27, 'eksa', 'swy8m6gIUYE6SA91CQvaqekaf0py8mekoSVj5xRc5SmbXueuhdSsW', 'eksa@gmail.com', '082121792912', 'Aktif', '2020-08-02 08:44:09'),
(28, 'oboy', 'mKlxS3zIcMWJ8Dndn7Rx9OYNGZjuP621U8RhwmDDlgxXQCh9vnuiy', 'oboy@gmail.com', '08829290', 'Aktif', '2020-08-02 08:44:13'),
(29, 'insan', '0WH2TFx0gbJ1hZx50scRLOCs/WfYwX34OxKLo3nCGkD0c5zJWq306', 'insan@gmail.com', '08211111111', 'Aktif', '2020-08-02 08:45:29'),
(30, 'ara', '8cFtSpgwl0ZBXz6K3ywh3OvL7.iTCKQRPikJpsJUxx0QhLjua7vWO', 'ara@gmail.com', '0879548548480', 'Aktif', '2020-08-03 05:45:16'),
(31, 'ai', 'vndx5pEjXgsjpwsG6.zdu.jjzROYy97ZLBvwrBkFYd1YMRMxRPVNO', 'ai@gmail.com', '0975182936', 'Aktif', '2020-08-03 18:41:17'),
(32, 'admin', 'T0m/HcXmsazcg8IVuq/xBOs0mM.HNGk7VndZ2adv.74At4Fdevwvy', 'admin', '0811', 'Aktif', '2020-08-04 03:58:31'),
(33, 'user', 'DvNuRRbyQwRT.pEMjFBWdOZf7VAbxdTIAygSQLz0qFZ3ROlXg8xee', 'user', '08222', 'Aktif', '2020-08-04 04:00:42'),
(34, 'polisi', 'ViGU5rsW7qh/BvqKHzm/Zur19E8D6oIwG/lm7R.WdWlA0BChgEvd2', 'polisi@gmail.com', '7812387', 'Aktif', '2020-08-06 11:40:28'),
(35, 'chearrachman', 'j1xRyQEj9JMmXGMfgLFjnuVB5GG77gwrdhk41.CjFR4VRtYobyfiC', 'chearrachman@gmail.com', '0881036775139', 'Aktif', '2020-08-07 13:11:41'),
(36, 'chearrachman', 'GVaaS4HwiSNchN6j/yEPseNbfNIaiGS8EriTqMz3.2aXQbR9lyfg6', 'chearrachman@gmail.com', '0881036775139', 'Aktif', '2020-08-07 13:11:41'),
(37, 'chearrachman', 'TaSHFfbq.96r50mdqGaUJ.lRq9w81ogUaSuSixvrAg4YBHE2A44m.', 'chearrachman@gmail.com', '0881036775139', 'Aktif', '2020-08-07 13:11:41'),
(38, 'cece', 'pxBGDmjFqT0U/nmCYESiRul9ex.KtI6r/MMBFlhWy2Y6EfSLokTK2', 'cece', '0101', 'Aktif', '2020-08-07 13:14:33'),
(39, 'cece', 'XXf0VUyXbBA4DiWXVTcu3Oybx03iD212xZ5rgtXGfQdT.pxn/YSQ.', 'cece@gmail.com', '0101', 'Aktif', '2020-08-07 13:15:40'),
(40, 'cece', 'fnkEHmGPFmVni99lMp24x.p4L6lDEUCmTz7bLZmbWvRWShnIQCcS2', 'cece1@gmail.com', '0101', 'Aktif', '2020-08-07 13:16:58'),
(41, 'utis', 'ZOnwsU618F/aiEIGYIGX4OHCwuEpb3SnqI3JR/pHuWkCzfsudPafe', 'utis@gmail.com', '1010', 'Aktif', '2020-08-08 02:08:27'),
(42, 'bahrul', '4Sh8aLVdVm.Xj.MJts0WxuFr5mX2y9p2AvpZS3tCTenxiwFC.Q0E2', 'bahrul@gmail.com', '01010187', 'Aktif', '2020-08-13 15:46:12'),
(43, 'df', 'u8HGOvPVyqcBAmHcaW3UaeqhJUAiT429.ZSeJjUA8p7zveeSnxupS', 'dd@gmail.com', '0838383', 'Aktif', '2020-08-13 16:04:13'),
(44, 'baunk', 'yG9AkKCzuHohZACChghmUO0UVb2v4TXUZIPs4fkMd9UwABffjC716', 'babauketek23@jagoo.com', '099833772739', 'Aktif', '2020-08-13 16:53:09'),
(45, 'hayytah', 'mn0duaQGKPtBn3R/HNLNuuOQ/7sEaVfZK3ZCeNTJTIdBwxD7K8hoy', 'bebe2@jagoo.com', '082637194927', 'Aktif', '2020-08-13 16:54:15'),
(46, 'aji', 'n5C1ZQ.X3giQ/9iz5GA3K.BPDm5uCKS4Tzq3iYNRAtNKTAODq79tO', 'aji@gmail.com', '08829292', 'Aktif', '2020-08-13 18:59:08'),
(47, 'pasien1', '84dA5sa7gOOn9tVDyYFA/.eOognATpciHBSN81Vtwm9uaWgYEtpnm', 'pasien1@gmail.com', '081234567', 'Aktif', '2020-08-13 20:09:19'),
(48, 'Doni H', 'JRcvknw1mEaLvwpWdcCs8ukX5un4Riy/245x2pPkIvhpnr/yqnUL2', 'donih@gmail.com', '0889928282', 'Aktif', '2020-08-13 20:32:59'),
(49, 'testing1', 'PkgS7.3nzXnx6zyYYtXjduw3Z.VxKCkii1Bf5hK7rcWgM2.qcZKdC', 'testing1@gmail.com', '08765433566', 'Aktif', '2022-01-06 15:35:06'),
(50, 'Sania Safira', '6FakbihWrcFqRv4Pj0raaemShHFCVJfPeUL1GyZPJRqgFuZ2CpbZ6', 'sania.safira@gmail.com', '08515671786', 'Aktif', '2022-01-07 05:51:52'),
(51, 'Sania Safira', '5LMPXlhhYFiQBaMg4aAMj.C1fgvZTdB4H4Wni1BhOQ3PN3EbmJo3G', 'sania.safira@gmail.com', '08515671786', 'Aktif', '2022-01-07 05:51:57'),
(52, 'isep', 'r4D.lMAp6VS0zfeqeYMwg.r9tFnpkheoBdt62V9ZWxdlZgm.XbJUS', 'iseplutpi1008@gmail.com', '085', 'Aktif', '2022-01-07 06:11:41'),
(53, 'asw', '2XH28z8W67LHdGkSz1L42e56.ciPkCXCvT59fLid1UgQ9VkrPKwWW', 'asw@gmail.com', '123', 'Aktif', '2022-01-07 07:38:09'),
(54, 'Isepln', 'ovJzoVBHikGgcR/dWwQNYubczv1eOujZsp.hmPf1/W3KR0Htj9usO', 'iseplutpiqq@gmail.com', '0123', 'Aktif', '2022-01-07 07:40:26'),
(55, 'aswass', 'l8b508RInELj25sZB6a1ju0ZSOj.piDaAqBzf78z7ezsdInCgnyRO', 'aswasd@gmail.com', '123', 'Aktif', '2022-01-07 07:41:40'),
(56, 'Siti Zalfaa Alimah', '/pKUvEuqLV7tYO9euXajTOEaPkPhgMiiXiiHqE5J3CAK/Nr2idgVK', 'dende@gmail.com', '0886261616', 'Aktif', '2022-01-07 08:42:39'),
(57, 'Zalfaa', 'Ca4jTR8P.luEgZVtQk8yBeIbVfetevl92Cam.Di6.4unSE6Xquvlu', 'zalfaa@gmail.com', '321', 'Aktif', '2022-01-07 08:46:42'),
(58, 'Muhammad Ilham Solehudin', '/iaTKjGocL65ECq8Glx82OAFOj751irHLgUwMnmVQqLOV3btUiDOu', 'muhammadilhamsolehudin122@gmail.com', '082120273090', 'Aktif', '2022-01-07 10:55:14'),
(60, 'ReBeLLioNz', 'ABj4bb76R.pzJCjvDZH21.iIXnxipgR6eDbbfbBN3SeYZnF26lMcS', 'tayo@gmail.com', '085342619822', 'Aktif', '2022-01-25 15:03:02'),
(61, 'akun demo', 'Yl2BAuG6p755ZqmHJr.AzeUO08x3fGLFIOJW4jDXY9uwfiUSaTD/C', 'demo@gmail.com', '282828282', 'Aktif', '2022-01-28 00:15:38'),
(62, 'asep', 'dAmX6XF4kgOOrJzCHkdKu.pN24nBOYYB6JfpfWH7rDbTzlQfyqUau', 'asep@gmail.com', '6282120273095', 'Aktif', '2022-01-28 00:54:52'),
(63, 'asep10', '8YHuFDkX5P7N4Ocgbbp7ZOBjrJ0w//jMc579pRxiMtzR52Uufulm6', 'asep10@gmail.com', '62938276363', 'Aktif', '2022-01-28 00:59:54'),
(64, 'demo10', 'oEEznhTcwLdEb1DTl/IsjeNNPmFfK.5xEEBcP1vOfZPhpQuK91bg.', 'demo10@gmail.com', '6293827', 'Aktif', '2022-01-28 01:00:47'),
(65, 'umboandini', 'IhVQh7GKkiIMCYsKjcGd2eK4lK7KcSvp6KAxj7Ymaoq2ZXDvO.aP2', 'ayu@gmail.com', '6289502970888', 'Aktif', '2022-03-13 18:05:01'),
(66, 'Muhamad Taufiq Hidayatuloh ', 'zmI/IPPWkHhQS6PPWt32QOiS871vNtDloEGLMPItQrPxFzI/QVyTG', 'mhtaufiq007@gmail.com', '088229443378 ', 'Aktif', '2022-03-18 07:21:03'),
(67, 'ilham89', 'BRffN.RIKAujnLewJNZos.7eDA/ovPxdv.MRXAzY3z5ISFnlFJnk.', 'm.ilham.s@gmail.com', '6281356771785', 'Aktif', '2022-04-08 18:31:49');

--
-- Indexes for dumped tables
--

--
-- Indexes for table `basis_pengetahuan`
--
ALTER TABLE `basis_pengetahuan`
  ADD PRIMARY KEY (`id`),
  ADD UNIQUE KEY `id_penyakit_2` (`id_penyakit`,`id_gejala`),
  ADD KEY `id_gejala` (`id_gejala`),
  ADD KEY `id_penyakit` (`id_penyakit`);

--
-- Indexes for table `chat`
--
ALTER TABLE `chat`
  ADD PRIMARY KEY (`id_chat`);

--
-- Indexes for table `chat_detail`
--
ALTER TABLE `chat_detail`
  ADD PRIMARY KEY (`id_chat_detail`);

--
-- Indexes for table `diagnosa`
--
ALTER TABLE `diagnosa`
  ADD PRIMARY KEY (`id_diagnosa`);

--
-- Indexes for table `diagnosa_detail`
--
ALTER TABLE `diagnosa_detail`
  ADD PRIMARY KEY (`id_diagnosa_detail`);

--
-- Indexes for table `gejala`
--
ALTER TABLE `gejala`
  ADD PRIMARY KEY (`id_gejala`),
  ADD UNIQUE KEY `kode_gejala` (`kode_gejala`);

--
-- Indexes for table `level`
--
ALTER TABLE `level`
  ADD PRIMARY KEY (`lev_id`);

--
-- Indexes for table `menu`
--
ALTER TABLE `menu`
  ADD PRIMARY KEY (`menu_id`);

--
-- Indexes for table `pembayaran`
--
ALTER TABLE `pembayaran`
  ADD PRIMARY KEY (`id_pembayaran`),
  ADD KEY `user_id` (`user_id`),
  ADD KEY `id_program` (`id_program`);

--
-- Indexes for table `penyakit`
--
ALTER TABLE `penyakit`
  ADD PRIMARY KEY (`id_penyakit`),
  ADD UNIQUE KEY `kode_penyakit` (`kode_penyakit`);

--
-- Indexes for table `program`
--
ALTER TABLE `program`
  ADD PRIMARY KEY (`id_program`);

--
-- Indexes for table `role_aplikasi`
--
ALTER TABLE `role_aplikasi`
  ADD PRIMARY KEY (`rola_id`);

--
-- Indexes for table `role_users`
--
ALTER TABLE `role_users`
  ADD PRIMARY KEY (`role_id`);

--
-- Indexes for table `saran`
--
ALTER TABLE `saran`
  ADD PRIMARY KEY (`id_saran`);

--
-- Indexes for table `users`
--
ALTER TABLE `users`
  ADD PRIMARY KEY (`user_id`);

--
-- AUTO_INCREMENT for dumped tables
--

--
-- AUTO_INCREMENT for table `basis_pengetahuan`
--
ALTER TABLE `basis_pengetahuan`
  MODIFY `id` int(11) NOT NULL AUTO_INCREMENT, AUTO_INCREMENT=140;

--
-- AUTO_INCREMENT for table `chat`
--
ALTER TABLE `chat`
  MODIFY `id_chat` int(11) NOT NULL AUTO_INCREMENT;

--
-- AUTO_INCREMENT for table `chat_detail`
--
ALTER TABLE `chat_detail`
  MODIFY `id_chat_detail` int(11) NOT NULL AUTO_INCREMENT;

--
-- AUTO_INCREMENT for table `diagnosa`
--
ALTER TABLE `diagnosa`
  MODIFY `id_diagnosa` int(11) NOT NULL AUTO_INCREMENT, AUTO_INCREMENT=41;

--
-- AUTO_INCREMENT for table `diagnosa_detail`
--
ALTER TABLE `diagnosa_detail`
  MODIFY `id_diagnosa_detail` int(11) NOT NULL AUTO_INCREMENT, AUTO_INCREMENT=1534;

--
-- AUTO_INCREMENT for table `gejala`
--
ALTER TABLE `gejala`
  MODIFY `id_gejala` int(11) NOT NULL AUTO_INCREMENT, AUTO_INCREMENT=148;

--
-- AUTO_INCREMENT for table `level`
--
ALTER TABLE `level`
  MODIFY `lev_id` int(11) NOT NULL AUTO_INCREMENT, AUTO_INCREMENT=6;

--
-- AUTO_INCREMENT for table `menu`
--
ALTER TABLE `menu`
  MODIFY `menu_id` int(11) NOT NULL AUTO_INCREMENT, AUTO_INCREMENT=28;

--
-- AUTO_INCREMENT for table `pembayaran`
--
ALTER TABLE `pembayaran`
  MODIFY `id_pembayaran` int(11) NOT NULL AUTO_INCREMENT;

--
-- AUTO_INCREMENT for table `penyakit`
--
ALTER TABLE `penyakit`
  MODIFY `id_penyakit` int(11) NOT NULL AUTO_INCREMENT, AUTO_INCREMENT=29;

--
-- AUTO_INCREMENT for table `program`
--
ALTER TABLE `program`
  MODIFY `id_program` int(11) NOT NULL AUTO_INCREMENT, AUTO_INCREMENT=20;

--
-- AUTO_INCREMENT for table `role_aplikasi`
--
ALTER TABLE `role_aplikasi`
  MODIFY `rola_id` int(11) NOT NULL AUTO_INCREMENT, AUTO_INCREMENT=33;

--
-- AUTO_INCREMENT for table `role_users`
--
ALTER TABLE `role_users`
  MODIFY `role_id` int(11) NOT NULL AUTO_INCREMENT, AUTO_INCREMENT=70;

--
-- AUTO_INCREMENT for table `saran`
--
ALTER TABLE `saran`
  MODIFY `id_saran` int(11) NOT NULL AUTO_INCREMENT, AUTO_INCREMENT=12;

--
-- AUTO_INCREMENT for table `users`
--
ALTER TABLE `users`
  MODIFY `user_id` int(11) NOT NULL AUTO_INCREMENT, AUTO_INCREMENT=68;

--
-- Constraints for dumped tables
--

--
-- Constraints for table `basis_pengetahuan`
--
ALTER TABLE `basis_pengetahuan`
  ADD CONSTRAINT `basis_pengetahuan_ibfk_1` FOREIGN KEY (`id_penyakit`) REFERENCES `penyakit` (`id_penyakit`),
  ADD CONSTRAINT `basis_pengetahuan_ibfk_2` FOREIGN KEY (`id_gejala`) REFERENCES `gejala` (`id_gejala`);

--
-- Constraints for table `pembayaran`
--
ALTER TABLE `pembayaran`
  ADD CONSTRAINT `pembayaran_ibfk_1` FOREIGN KEY (`user_id`) REFERENCES `users` (`user_id`),
  ADD CONSTRAINT `pembayaran_ibfk_2` FOREIGN KEY (`id_program`) REFERENCES `program` (`id_program`);
COMMIT;
